202216	0	-39.12725	171.556027777778	0
202217	1	-38.8654137136019	171.306665734618	0
202218	2	-38.6144539641043	171.118738254117	0
202219	3	-38.3514585088679	170.960720270826	0
202220	4	-38.0785432428176	170.833543741391	0
202221	5	-37.7978782036271	170.737863839179	0
202222	6	-37.5116686876121	170.674065500012	0
202223	7	-37.2221369695405	170.642272450139	0
202224	8	-36.9315047622997	170.642358202372	0
202225	9	-36.6419765158589	170.673958538424	0
202226	10	-36.3557236227791	170.736485041868	0
202227	11	-36.0748695703048	170.829139301572	0
202228	12	-35.8014760570934	170.950927465357	0
202229	13	-35.5375300757814	171.100674884095	0
202230	14	-35.2849319505061	171.277040644426	0
202231	15	-35.0454843106387	171.478531841574	0
202232	16	-34.8208819776851	171.703517490909	0
202233	17	-34.6127027408708	171.95024201714	0
202234	18	-34.4223989976351	172.216838293204	0
202235	19	-34.2512902374691	172.501340227193	0
202236	20	-34.100556350637	172.801694915613	0
202237	21	-33.9712317468382	173.115774395658	0
202238	22	-33.8642002723817	173.441387038891	0
202239	23	-33.7801909176668	173.776288634654	0
202240	24	-33.719774309494	174.118193214651	0
202241	25	-33.6833599848636	174.464783671279	0
202242	26	-33.6711944444445	174.813722222222	0
202243	27	-33.6833599848636	175.162660773165	0
202244	28	-33.719774309494	175.509251229793	0
202245	29	-33.7801909176668	175.85115580979	0
202246	30	-33.8642002723817	176.186057405554	0
202247	31	-33.9712317468382	176.511670048787	0
202248	32	-34.100556350637	176.825749528832	0
202249	33	-34.2512902374691	177.126104217251	0
202250	34	-34.4223989976351	177.41060615124	0
202251	35	-34.6127027408708	177.677202427305	0
202252	36	-34.8208819776851	177.923926953536	0
202253	37	-35.0454843106387	178.148912602871	0
202254	38	-35.2849319505061	178.350403800019	0
202255	39	-35.5375300757814	178.526769560349	0
202256	40	-35.8014760570934	178.676516979088	0
202257	41	-36.0748695703048	178.798305142873	0
202258	42	-36.3557236227791	178.890959402576	0
202259	43	-36.6419765158589	178.95348590602	0
202260	44	-36.9315047622997	178.985086242073	0
202261	45	-37.2221369695405	178.985171994305	0
202262	46	-37.5116686876121	178.953378944432	0
202263	47	-37.5415277777778	178.935805555556	0
202264	48	-38.45	-179.733333333333	0
202265	49	-42.8583333333333	175.05	0
202266	50	-48.15	168.266666666667	0
202267	51	-45.9166666666667	165.3	0
202268	52	-41.4241666666667	170.39	0
202269	53	-40.9626752868757	170.417706219841	0
202270	54	-40.676789213803	170.486827933093	0
202271	55	-40.3964643778562	170.587769260378	0
202272	56	-40.1237451224088	170.719407703846	0
202273	57	-39.8605972569052	170.880438482274	0
202274	58	-39.6088967936823	171.069391085497	0
202275	59	-39.3704196729567	171.284645205953	0
202276	60	-39.1468324315995	171.524445952539	0
202277	61	-39.12725	171.556027777778	0
203540	0	-5	-157	9120
203541	1	-23	-157	9120
203542	2	-23	-173.441666666667	9120
203543	3	-18.5833333333333	-169	9120
203544	4	-15.8666666666667	-170	9120
203545	5	-15.7743490576747	-169.842283049541	9120
203546	6	-15.6957225652569	-169.715241934447	9120
203547	7	-15.6066752204382	-169.595903245271	9120
203548	8	-15.507897637402	-169.48518081086	9120
203549	9	-15.400154703161	-169.38391797486	9120
203550	10	-15.2842793238173	-169.292881217945	9120
203551	11	-15.1611656680651	-169.212754529734	9120
203552	12	-15.0317619737232	-169.144134561355	9120
203553	13	-14.897062984799	-169.08752657837	9120
203554	14	-14.7581020873373	-169.043341223273	9120
203555	15	-14.6159432122152	-169.011892087402	9120
203556	16	-14.4716725722413	-168.993394083853	9120
203557	17	-14.3263902995214	-168.987962606076	9120
203558	18	-14.1812020472169	-168.995613451099	9120
203559	19	-14.0372106176481	-169.016263481837	9120
203560	20	-13.8955076763064	-169.049731999519	9120
203561	21	-13.8333333333333	-169.066666666667	9120
203562	22	-5	-160	9120
203563	23	-5	-157	9120
203564	0	-5	-160	9121
203565	1	-13.8333333333333	-169.066666666667	9121
203566	2	-14.0372106176481	-169.016263481837	9121
203567	3	-14.1812020472169	-168.995613451099	9121
203568	4	-14.3263902995214	-168.987962606076	9121
203569	5	-14.4716725722413	-168.993394083853	9121
203570	6	-14.6159432122152	-169.011892087402	9121
203571	7	-14.7581020873373	-169.043341223273	9121
203572	8	-14.897062984799	-169.08752657837	9121
203573	9	-15.0317619737232	-169.144134561355	9121
203574	10	-15.1611656680651	-169.212754529734	9121
203575	11	-15.2842793238173	-169.292881217945	9121
203576	12	-15.400154703161	-169.38391797486	9121
203577	13	-15.507897637402	-169.48518081086	9121
203578	14	-15.6066752204382	-169.595903245271	9121
203579	15	-15.6957225652569	-169.715241934447	9121
203580	16	-15.7743490576747	-169.842283049541	9121
203581	17	-15.8419440442877	-169.97604936114	9121
203582	18	-15.8666666666667	-170	9121
203583	19	-18.5833333333333	-169	9121
203584	20	-14.1312222222222	-175.025388888889	9121
203585	21	-5	-171	9121
203586	22	-5	-160	9121
203587	0	-18.5833333333333	-169	9122
203588	1	-23	-173.441666666667	9122
203589	2	-25	-175.5	9122
203590	3	-25	-180	9122
203591	4	-15.5458611111111	-175.675333333333	9122
203592	5	-14.1312222222222	-175.025388888889	9122
203593	6	-18.5833333333333	-169	9122
203599	0	-30	-131	9124
203600	1	-90	-131	9124
203601	2	-30	163	9124
203602	3	-28	168	9124
203603	4	-25	171.416666666667	9124
203604	5	-25	180	9124
203605	6	-15.5458611111111	-175.675333333333	9124
203606	7	-5	-171	9124
203607	8	-5	-157	9124
203608	9	-30	-157	9124
203609	10	-30	-131	9124
203610	0	-30	-131	9125
203611	1	-60	-131	9125
203612	2	-60	-180	9125
203613	3	-25	-180	9125
203614	4	-13.9188888888889	-175.106388888889	9125
203615	5	-5	-171.166666666667	9125
203616	6	-5	-157	9125
203617	7	-30	-157	9125
203618	8	-30	-131	9125
203619	0	-28	168	9126
203620	1	-25	171.416666666667	9126
203621	2	-25	180	9126
203622	3	-60	180	9126
203623	4	-60	163	9126
203624	5	-45	163	9126
203625	6	-30	163	9126
203626	7	-28	168	9126
203642	0	3.5	-145	9130
203643	1	3.5	-120	9130
203644	2	-30	-120	9130
203645	3	-30	-157	9130
203646	4	-5	-157	9130
203647	5	-5	-155	9130
203648	6	3.5	-145	9130
203649	0	-15.82472	208.09027	0
203650	1	-16.4025	209.37445	0
203651	2	-16.81151	209.99602	0
203652	3	-16.7638228251384	210.100842054961	0
203653	4	-16.742055899657	210.173277629975	0
203654	5	-16.7263902158756	210.247405308438	0
203655	6	-16.7169434822646	210.322667897698	0
203656	7	-16.7137866666667	210.3985	0
203657	8	-16.7169434822646	210.474332102302	0
203658	9	-16.7263902158756	210.549594691562	0
203659	10	-16.742055899657	210.623722370025	0
203660	11	-16.7638228251384	210.696157945039	0
203661	12	-16.7915273963176	210.766356467958	0
203662	13	-16.8249613164067	210.833789196892	0
203663	14	-16.8638731006747	210.897947458213	0
203664	15	-16.9079699057353	210.958346382046	0
203665	16	-16.9569196635603	211.014528487311	0
203666	17	-17.0103535064859	211.066067092302	0
203667	18	-17.067868467512	211.112569527301	0
203668	19	-17.1290304382916	211.153680126319	0
203669	20	-17.1933773653647	211.189082975725	0
203670	21	-17.2604226634248	211.218504398361	0
203671	22	-17.3296588227128	211.241715152616	0
203672	23	-17.4005611860278	211.258532327072	0
203673	24	-17.4725918693374	211.268820912526	0
203674	25	-17.5452037985647	211.272495034694	0
203675	26	-17.6178448338504	211.269518832521	0
203676	27	-17.689961951445	211.259906968986	0
203677	28	-17.72014	211.2574	0
203678	29	-17.56611	210.49139	0
203679	30	-17.61889	210.42278	0
203680	31	-18.34307	210.66936	0
203681	32	-18.3677342022904	210.550969661424	0
203682	33	-18.3772674009817	210.475030196795	0
203683	34	-18.3804533333333	210.3985	0
203684	35	-18.3772674009817	210.321969803205	0
203685	36	-18.3677342022904	210.246030338576	0
203686	37	-18.3519273336891	210.171267577305	0
203687	38	-18.3299687956072	210.098258013856	0
203688	39	-18.3020280087102	210.027564039953	0
203689	40	-18.2683204498603	209.959729451515	0
203690	41	-18.229105920775	209.89527512973	0
203691	42	-18.1846864657172	209.83469493498	0
203692	43	-18.1354039576607	209.778451849246	0
203693	44	-18.0816373751988	209.726974399222	0
203694	45	-18.0237997949708	209.68065338859	0
203695	46	-17.9623351265552	209.639838963931	0
203696	47	-17.8977146185978	209.604838034631	0
203697	48	-17.87176	209.59637	0
203698	49	-16.79445	207.94	0
203699	50	-16.41055	207.94	0
203700	51	-16.25028	207.76277	0
203701	52	-15.82472	208.09027	0
213145	0	-39.12725	171.556027777778	9506
213146	1	-38.8654137136019	171.306665734618	9506
213147	2	-38.6144539641043	171.118738254117	9506
213148	3	-38.3514585088679	170.960720270826	9506
213149	4	-38.0785432428176	170.833543741391	9506
213150	5	-37.7978782036271	170.737863839179	9506
213151	6	-37.5116686876121	170.674065500012	9506
213152	7	-37.2221369695405	170.642272450139	9506
213153	8	-36.9315047622997	170.642358202372	9506
213154	9	-36.6419765158589	170.673958538424	9506
213155	10	-36.3557236227791	170.736485041868	9506
213156	11	-36.0748695703048	170.829139301572	9506
213157	12	-35.8014760570934	170.950927465357	9506
213158	13	-35.5375300757814	171.100674884095	9506
213159	14	-35.2849319505061	171.277040644426	9506
213160	15	-35.0454843106387	171.478531841574	9506
213161	16	-34.8208819776851	171.703517490909	9506
213162	17	-34.6127027408708	171.95024201714	9506
213163	18	-34.4223989976351	172.216838293204	9506
213164	19	-34.2512902374691	172.501340227193	9506
213165	20	-34.100556350637	172.801694915613	9506
213166	21	-33.9712317468382	173.115774395658	9506
213167	22	-33.8642002723817	173.441387038891	9506
213168	23	-33.7801909176668	173.776288634654	9506
213169	24	-33.719774309494	174.118193214651	9506
213170	25	-33.6833599848636	174.464783671279	9506
213171	26	-33.6711944444445	174.813722222222	9506
213172	27	-33.6833599848636	175.162660773165	9506
213173	28	-33.719774309494	175.509251229793	9506
213174	29	-33.7801909176668	175.85115580979	9506
213175	30	-33.8642002723817	176.186057405554	9506
213176	31	-33.9712317468382	176.511670048787	9506
213177	32	-34.100556350637	176.825749528832	9506
213178	33	-34.2512902374691	177.126104217251	9506
213179	34	-34.4223989976351	177.41060615124	9506
213180	35	-34.6127027408708	177.677202427305	9506
213181	36	-34.8208819776851	177.923926953536	9506
213182	37	-35.0454843106387	178.148912602871	9506
213183	38	-35.2849319505061	178.350403800019	9506
213184	39	-35.5375300757814	178.526769560349	9506
213185	40	-35.8014760570934	178.676516979088	9506
213186	41	-36.0748695703048	178.798305142873	9506
213187	42	-36.3557236227791	178.890959402576	9506
213188	43	-36.6419765158589	178.95348590602	9506
213189	44	-36.9315047622997	178.985086242073	9506
213190	45	-37.2221369695405	178.985171994305	9506
213191	46	-37.5116686876121	178.953378944432	9506
213192	47	-37.5415277777778	178.935805555556	9506
213193	48	-38.45	-179.733333333333	9506
213194	49	-42.8583333333333	175.05	9506
213195	50	-48.15	168.266666666667	9506
213196	51	-45.9166666666667	165.3	9506
213197	52	-41.4241666666667	170.39	9506
213198	53	-40.9626752868757	170.417706219841	9506
213199	54	-40.676789213803	170.486827933093	9506
213200	55	-40.3964643778562	170.587769260378	9506
213201	56	-40.1237451224088	170.719407703846	9506
213202	57	-39.8605972569052	170.880438482274	9506
213203	58	-39.6088967936823	171.069391085497	9506
213204	59	-39.3704196729567	171.284645205953	9506
213205	60	-39.1468324315995	171.524445952539	9506
213206	61	-39.12725	171.556027777778	9506
214659	0	-14	163	9581
214660	1	-13.0003211111111	164.761075	9581
214661	2	-13	170.5	9581
214662	3	-21	170.5	9581
214663	4	-14	163	9581
214664	0	-14	161.25	9582
214665	1	-14	163	9582
214666	2	-21	170.5	9582
214667	3	-24	170.5	9582
214668	4	-24	163	9582
214669	5	-17.6666666666667	163	9582
214670	6	-16.9713888888889	162.6625	9582
214671	7	-14	161.25	9582
214672	0	-38.1886111111111	150.320555555556	9583
214673	1	-38	150.386666666667	9583
214674	2	-36.9452777777778	150.750833333333	9583
214675	3	-36.9188488888889	150.967648055556	9583
214676	4	-36.8264180555556	151.387756111111	9583
214677	5	-36.6757288888889	151.780016944444	9583
214678	6	-36.4716838888889	152.131891111111	9583
214679	7	-36.2266666666667	152.423055555556	9583
214680	8	-36.4911111111111	153.813055555556	9583
214681	9	-36.4689461111111	153.84632	9583
214682	10	-36.0464969444444	154.340456944444	9583
214683	11	-35.5599230555556	154.731291111111	9583
214684	12	-35.0249961111111	155.008196111111	9583
214685	13	-34.4587080555556	155.164728888889	9583
214686	14	-33.9080555555556	155.188333333333	9583
214687	15	-33.2666666666667	163	9583
214688	16	-45	163	9583
214689	17	-45	150	9583
214690	18	-44.5658333333333	150	9583
214691	19	-43.8508333333333	150.664722222222	9583
214692	20	-43	151	9583
214693	21	-40.5672222222222	150.644166666667	9583
214694	22	-40	150.565	9583
214695	23	-38.1886111111111	150.320555555556	9583
214696	0	-12	148.573333333333	9584
214697	1	-12	155	9584
214698	2	-14	155	9584
214699	3	-14	161.25	9584
214700	4	-16.9713888888889	162.6625	9584
214701	5	-16.9713888888889	151.075277777778	9584
214702	6	-16.1663888888889	151.105833333333	9584
214703	7	-12	148.573333333333	9584
214704	0	-16.9713888888889	151.075277777778	9585
214705	1	-16.9713888888889	162.6625	9585
214706	2	-17.6666666666667	163	9585
214707	3	-24	163	9585
214708	4	-26.8163888888889	163	9585
214709	5	-26.9605555555556	155.905277777778	9585
214710	6	-26.9045811111111	155.900208888889	9585
214711	7	-26.4862880555556	155.763971111111	9585
214712	8	-26.0951919444444	155.549923888889	9585
214713	9	-25.7428280555556	155.265103055556	9585
214714	10	-25.4395	154.9184	9585
214715	11	-25.1940130555556	154.520273888889	9585
214716	12	-25.0134519444444	154.082456944444	9585
214717	13	-24.9819444444444	154	9585
214718	14	-23.2216666666667	153.241666666667	9585
214719	15	-22.2558333333333	152.047222222222	9585
214720	16	-21.6533333333333	151.868888888889	9585
214721	17	-19.2702777777778	151.178888888889	9585
214722	18	-18.6741666666667	151.009722222222	9585
214723	19	-16.9713888888889	151.075277777778	9585
214724	0	-30.6722222222222	153.529444444444	9586
214725	1	-29.8202777777778	153.716111111111	9586
214726	2	-29.7116	154.123381111111	9586
214727	3	-29.52352	154.575388888889	9586
214728	4	-29.2688161111111	154.981045	9586
214729	5	-28.9556869444444	155.327716944444	9586
214730	6	-28.5941188888889	155.604958888889	9586
214731	7	-28.195525	155.804803888889	9586
214732	8	-27.77234	155.92193	9586
214733	9	-27.3376111111111	155.953718888889	9586
214734	10	-26.9605555555556	155.905277777778	9586
214735	11	-26.8163888888889	163	9586
214736	12	-30	163	9586
214737	13	-33.2666666666667	163	9586
214738	14	-33.9080555555556	155.188333333333	9586
214739	15	-33.8786680555556	155.198523888889	9586
214740	16	-33.302545	155.111048055556	9586
214741	17	-32.7475388888889	154.907251944444	9586
214742	18	-32.229915	154.595171944444	9586
214743	19	-31.7645938888889	154.185506111111	9586
214744	20	-31.364795	153.691195	9586
214745	21	-31.1305555555556	153.308611111111	9586
214746	22	-30.6722222222222	153.529444444444	9586
214747	0	-5	180	9587
214748	1	3.5	180	9587
214749	2	3.5	170	9587
214750	3	-10	170	9587
214751	4	-11.8	166.875	9587
214752	5	-13.0003211111111	164.761075	9587
214753	6	-14	163	9587
214754	7	-14	161.25	9587
214755	8	-16.9713888888889	162.6625	9587
214756	9	-17.6666666666667	163	9587
214757	10	-24	163	9587
214758	11	-26.8163888888889	163	9587
214759	12	-30	163	9587
214760	13	-28	168	9587
214761	14	-25	171.416666666667	9587
214762	15	-25	180	9587
214763	16	-5	-171.166666666667	9587
214764	17	-5	180	9587
214765	0	-11.3153	-173.75694	9588
214766	1	-12.77559	-170.07722	9588
214767	2	-12.8877261232614	-169.853500522239	9588
214768	3	-12.9653739510341	-169.727400691993	9588
214769	4	-13.0533783732405	-169.608637959597	9588
214770	5	-13.151080481425	-169.498108736729	9588
214771	6	-13.2577480722361	-169.39665059074	9588
214772	7	-13.372580907381	-169.305036030994	9588
214773	8	-13.4947164782515	-169.223966686228	9588
214774	9	-13.6232362394792	-169.154067911172	9588
214775	10	-13.7571722728391	-169.09588385992	9588
214776	11	-13.8955143401806	-169.049873062899	9588
214777	12	-14.0372172814085	-169.016404543737	9588
214778	13	-14.1812087109059	-168.995754511866	9588
214779	14	-14.3263969631838	-168.988103666079	9588
214780	15	-14.4716792359226	-168.993535143478	9588
214781	16	-14.6159498759605	-169.012033147052	9588
214782	17	-14.7581087511899	-169.043482283363	9588
214783	18	-14.8970696487991	-169.087667639324	9588
214784	19	-15.0317686379062	-169.144275623603	9588
214785	20	-15.1611723324613	-169.212895593704	9588
214786	21	-15.2842859884503	-169.29302228406	9588
214787	22	-15.4001613680471	-169.384059043533	9588
214788	23	-15.5079043025501	-169.485321882491	9588
214789	24	-15.6066818858488	-169.596044320235	9588
214790	25	-15.6957292309226	-169.715383013095	9588
214791	26	-15.7743557235801	-169.842424132194	9588
214792	27	-15.8419507104102	-169.97619044808	9588
214793	28	-15.86125	-170.00253	9588
214794	29	-18.5833	-168.99997	9588
214795	30	-15.86178	-172.74286	9588
214796	31	-14.1314	-175.02545	9588
214797	32	-11.3153	-173.75694	9588
214798	0	-14.13122	-175.02539	9589
214799	1	-11.3153	-173.75694	9589
214800	2	-12.31996	-171.24469	9589
214801	3	-13.61727	188.84445	9589
214802	4	-14.08575	-171.34628	9589
214803	5	-14.5218	-171.60989	9589
214804	6	-14.63779	-171.67964	9589
214805	7	-15.86178	-172.74286	9589
214806	8	-14.13122	-175.02539	9589
214807	0	-12.31996	-171.24469	9590
214808	1	-12.77559	189.92278	9590
214809	2	-12.8877261232614	190.146499477761	9590
214810	3	-12.9653739510341	190.272599308007	9590
214811	4	-13.0533783732405	190.391362040403	9590
214812	5	-13.151080481425	190.501891263271	9590
214813	6	-13.2577480722361	190.60334940926	9590
214814	7	-13.372580907381	190.694963969006	9590
214815	8	-13.4947164782515	190.776033313772	9590
214816	9	-13.6232362394792	190.845932088828	9590
214817	10	-13.7571722728391	190.90411614008	9590
214818	11	-13.8955143401806	190.950126937101	9590
214819	12	-14.0372172814085	190.983595456263	9590
214820	13	-14.1812087109059	191.004245488134	9590
214821	14	-14.3263969631838	191.011896333921	9590
214822	15	-14.4716792359226	191.006464856522	9590
214823	16	-14.6159498759605	190.987966852948	9590
214824	17	-14.7581087511899	190.956517716637	9590
214825	18	-14.8970696487991	190.912332360676	9590
214826	19	-15.0317686379062	190.855724376397	9590
214827	20	-15.1611723324613	190.787104406296	9590
214828	21	-15.2842859884503	190.70697771594	9590
214829	22	-15.4001613680471	190.615940956467	9590
214830	23	-15.5079043025501	190.514678117509	9590
214831	24	-15.6066818858488	190.403955679765	9590
214832	25	-15.6957292309226	190.284616986905	9590
214833	26	-15.7743557235801	190.157575867807	9590
214834	27	-15.8419507104102	190.02380955192	9590
214835	28	-15.86125	189.99747	9590
214836	29	-18.5833	191.00003	9590
214837	30	-15.86178	-172.74286	9590
214838	31	-14.63779	-171.67964	9590
214839	32	-14.5218	-171.60989	9590
214840	33	-14.08575	-171.34628	9590
214841	34	-13.61727	188.84445	9590
214842	35	-12.31996	-171.24469	9590
214843	0	-20	-157	9591
214844	1	-21.68343	-156.99988	9591
214845	2	-22.62387	-158.86911	9591
214846	3	-22.7103173600227	-159.05091111913	9591
214847	4	-22.7665562397468	-159.19626731878	9591
214848	5	-22.8107640026831	-159.346486375892	9591
214849	6	-22.8425923920104	-159.500390250515	9591
214850	7	-22.8617904378943	-159.656768745318	9591
214851	8	-22.8682066666667	-159.81439	9591
214852	9	-22.8617904378943	-159.972011254682	9591
214853	10	-22.8425923920104	-160.128389749485	9591
214854	11	-22.8107640026831	-160.282293624108	9591
214855	12	-22.7665562397468	-160.43251268122	9591
214856	13	-22.7103173600227	-160.57786888087	9591
214857	14	-22.6424898543799	-160.717226439676	9591
214858	15	-22.5636065896659	-160.849501418096	9591
214859	16	-22.4742861934084	-160.973670691058	9591
214860	17	-22.3752277372614	-161.08878021118	9591
214861	18	-22.2672047819006	-161.193952489181	9591
214862	19	-22.1510588513724	-161.288393232156	9591
214863	20	-22.0276924087584	-161.371397096687	9591
214864	21	-21.8980614074594	-161.442352529611	9591
214865	22	-21.7631674935141	-161.500745684261	9591
214866	23	-21.6240499342818	-161.546163413657	9591
214867	24	-21.4817773476806	-161.578295354212	9591
214868	25	-21.337439304169	-161.596935123795	9591
214869	26	-21.1921378709574	-161.601980666394	9591
214870	27	-21.16708	-161.60634	9591
214871	28	-18.77248	-161.53056	9591
214872	29	-18.5274256033392	-161.504523682985	9591
214873	30	-18.3858014714938	-161.469922893486	9591
214874	31	-18.2475649853836	-161.422517840439	9591
214875	32	-18.1137580672117	-161.362695392124	9591
214876	33	-17.9853870219984	-161.290932691719	9591
214877	34	-17.8634152604096	-161.207792961658	9591
214878	35	-17.7487563826404	-161.113920803225	9591
214879	36	-17.6422676632194	-161.010037032788	9591
214880	37	-17.544743973665	-160.896933095122	9591
214881	38	-17.4569121770331	-160.775465093388	9591
214882	39	-17.3794260255246	-160.646547474636	9591
214883	40	-17.3128615894193	-160.511146409131	9591
214884	41	-17.2577132426465	-160.370272901544	9591
214885	42	-17.2143902272552	-160.224975671878	9591
214886	43	-17.1832138158995	-160.076333844087	9591
214887	44	-17.1644150881834	-159.925449480447	9591
214888	45	-17.1581333333333	-159.77344	9591
214889	46	-17.1644150881834	-159.621430519554	9591
214890	47	-17.1832138158995	-159.470546155914	9591
214891	48	-17.2143902272552	-159.321904328122	9591
214892	49	-17.2577132426465	-159.176607098456	9591
214893	50	-17.3128615894193	-159.035733590869	9591
214894	51	-17.3794260255246	-158.900332525364	9591
214895	52	-17.4569121770331	-158.771414906612	9591
214896	53	-17.544743973665	-158.649946904878	9591
214897	54	-17.6422676632194	-158.536842967212	9591
214898	55	-17.7487563826404	-158.432959196775	9591
214899	56	-17.8634152604096	-158.339087038342	9591
214900	57	-17.9853870219984	-158.255947308281	9591
214901	58	-17.98781	-158.25685	9591
214902	59	-20	-157	9591
214903	0	-15.82472	208.09027	9592
214904	1	-16.4025	209.37445	9592
214905	2	-16.81151	209.99602	9592
214906	3	-16.7638228251384	210.100842054961	9592
214907	4	-16.742055899657	210.173277629975	9592
214908	5	-16.7263902158756	210.247405308438	9592
214909	6	-16.7169434822646	210.322667897698	9592
214910	7	-16.7137866666667	210.3985	9592
214911	8	-16.7169434822646	210.474332102302	9592
214912	9	-16.7263902158756	210.549594691562	9592
214913	10	-16.742055899657	210.623722370025	9592
214914	11	-16.7638228251384	210.696157945039	9592
214915	12	-16.7915273963176	210.766356467958	9592
214916	13	-16.8249613164067	210.833789196892	9592
214917	14	-16.8638731006747	210.897947458213	9592
214918	15	-16.9079699057353	210.958346382046	9592
214919	16	-16.9569196635603	211.014528487311	9592
214920	17	-17.0103535064859	211.066067092302	9592
214921	18	-17.067868467512	211.112569527301	9592
214922	19	-17.1290304382916	211.153680126319	9592
214923	20	-17.1933773653647	211.189082975725	9592
214924	21	-17.2604226634248	211.218504398361	9592
214925	22	-17.3296588227128	211.241715152616	9592
214926	23	-17.4005611860278	211.258532327072	9592
214927	24	-17.4725918693374	211.268820912526	9592
214928	25	-17.5452037985647	211.272495034694	9592
214929	26	-17.6178448338504	211.269518832521	9592
214930	27	-17.689961951445	211.259906968986	9592
214931	28	-17.72014	211.2574	9592
214932	29	-17.56611	210.49139	9592
214933	30	-17.61889	210.42278	9592
214934	31	-18.34307	210.66936	9592
214935	32	-18.3677342022904	210.550969661424	9592
214936	33	-18.3772674009817	210.475030196795	9592
214937	34	-18.3804533333333	210.3985	9592
214938	35	-18.3772674009817	210.321969803205	9592
214939	36	-18.3677342022904	210.246030338576	9592
214940	37	-18.3519273336891	210.171267577305	9592
214941	38	-18.3299687956072	210.098258013856	9592
214942	39	-18.3020280087102	210.027564039953	9592
214943	40	-18.2683204498603	209.959729451515	9592
214944	41	-18.229105920775	209.89527512973	9592
214945	42	-18.1846864657172	209.83469493498	9592
214946	43	-18.1354039576607	209.778451849246	9592
214947	44	-18.0816373751988	209.726974399222	9592
214948	45	-18.0237997949708	209.68065338859	9592
214949	46	-17.9623351265552	209.639838963931	9592
214950	47	-17.8977146185978	209.604838034631	9592
214951	48	-17.87176	209.59637	9592
214952	49	-16.79445	207.94	9592
214953	50	-16.41055	207.94	9592
214954	51	-16.25028	207.76277	9592
214955	52	-15.82472	208.09027	9592
214956	0	-14.2137866666667	-149.6015	9593
214957	1	-14.263573378485	-149.004587460839	9593
214958	2	-14.4114857816944	-148.424974395676	9593
214959	3	-14.6532193398629	-147.879514317865	9593
214960	4	-14.98172754695	-147.384177982862	9593
214961	5	-15.3874096701469	-146.953633967622	9593
214962	6	-15.8583664822677	-146.600853298788	9593
214963	7	-16.3807180305338	-146.336743291321	9593
214964	8	-16.9389770270182	-146.16981499495	9593
214965	9	-17.5164713117546	-146.105889230496	9593
214966	10	-18.0958086361404	-146.147848420878	9593
214967	11	-18.6593762893772	-146.295445097799	9593
214968	12	-19.1898664618284	-146.54518235383	9593
214969	13	-19.67081552976	-146.890285346477	9593
214970	14	-20.0871418027756	-147.320784643215	9593
214971	15	-20.4256622303439	-147.823730141552	9593
214972	16	-20.6755650004116	-148.383547439974	9593
214973	17	-20.828812958822	-148.982536843089	9593
214974	18	-20.8804533333333	-149.6015	9593
214975	19	-20.828812958822	-150.220463156911	9593
214976	20	-20.6755650004116	-150.819452560026	9593
214977	21	-20.4256622303439	-151.379269858448	9593
214978	22	-20.0871418027756	-151.882215356785	9593
214979	23	-19.67081552976	-152.312714653523	9593
214980	24	-19.1898664618284	-152.65781764617	9593
214981	25	-18.6593762893772	-152.907554902201	9593
214982	26	-18.0958086361404	-153.055151579122	9593
214983	27	-17.5164713117546	-153.097110769504	9593
214984	28	-16.9389770270182	-153.03318500505	9593
214985	29	-16.3807180305338	-152.866256708679	9593
214986	30	-15.8583664822677	-152.602146701212	9593
214987	31	-15.3874096701469	-152.249366032378	9593
214988	32	-14.98172754695	-151.818822017138	9593
214989	33	-14.6532193398629	-151.323485682135	9593
214990	34	-14.4114857816944	-150.778025604324	9593
214991	35	-14.263573378485	-150.198412539161	9593
214992	36	-14.2137866666667	-149.6015	9593
218981	0	-39.12725	171.556027777778	0
218982	1	-38.8654137136019	171.306665734618	0
218983	2	-38.6144539641043	171.118738254117	0
218984	3	-38.3514585088679	170.960720270826	0
218985	4	-38.0785432428176	170.833543741391	0
218986	5	-37.7978782036271	170.737863839179	0
218987	6	-37.5116686876121	170.674065500012	0
218988	7	-37.2221369695405	170.642272450139	0
218989	8	-36.9315047622997	170.642358202372	0
218990	9	-36.6419765158589	170.673958538424	0
218991	10	-36.3557236227791	170.736485041868	0
218992	11	-36.0748695703048	170.829139301572	0
218993	12	-35.8014760570934	170.950927465357	0
218994	13	-35.5375300757814	171.100674884095	0
218995	14	-35.2849319505061	171.277040644426	0
218996	15	-35.0454843106387	171.478531841574	0
218997	16	-34.8208819776851	171.703517490909	0
218998	17	-34.6127027408708	171.95024201714	0
218999	18	-34.4223989976351	172.216838293204	0
219000	19	-34.2512902374691	172.501340227193	0
219001	20	-34.100556350637	172.801694915613	0
219002	21	-33.9712317468382	173.115774395658	0
219003	22	-33.8642002723817	173.441387038891	0
219004	23	-33.7801909176668	173.776288634654	0
219005	24	-33.719774309494	174.118193214651	0
219006	25	-33.6833599848636	174.464783671279	0
219007	26	-33.6711944444445	174.813722222222	0
219008	27	-33.6833599848636	175.162660773165	0
219009	28	-33.719774309494	175.509251229793	0
219010	29	-33.7801909176668	175.85115580979	0
219011	30	-33.8642002723817	176.186057405554	0
219012	31	-33.9712317468382	176.511670048787	0
219013	32	-34.100556350637	176.825749528832	0
219014	33	-34.2512902374691	177.126104217251	0
219015	34	-34.4223989976351	177.41060615124	0
219016	35	-34.6127027408708	177.677202427305	0
219017	36	-34.8208819776851	177.923926953536	0
219018	37	-35.0454843106387	178.148912602871	0
219019	38	-35.2849319505061	178.350403800019	0
219020	39	-35.5375300757814	178.526769560349	0
219021	40	-35.8014760570934	178.676516979088	0
219022	41	-36.0748695703048	178.798305142873	0
219023	42	-36.3557236227791	178.890959402576	0
219024	43	-36.6419765158589	178.95348590602	0
219025	44	-36.9315047622997	178.985086242073	0
219026	45	-37.2221369695405	178.985171994305	0
219027	46	-37.5116686876121	178.953378944432	0
219028	47	-37.5415277777778	178.935805555556	0
219029	48	-38.45	-179.733333333333	0
219030	49	-42.8583333333333	175.05	0
219031	50	-48.15	168.266666666667	0
219032	51	-45.9166666666667	165.3	0
219033	52	-41.4241666666667	170.39	0
219034	53	-40.9626752868757	170.417706219841	0
219035	54	-40.676789213803	170.486827933093	0
219036	55	-40.3964643778562	170.587769260378	0
219037	56	-40.1237451224088	170.719407703846	0
219038	57	-39.8605972569052	170.880438482274	0
219039	58	-39.6088967936823	171.069391085497	0
219040	59	-39.3704196729567	171.284645205953	0
219041	60	-39.1468324315995	171.524445952539	0
219042	61	-39.12725	171.556027777778	0
223031	0	-39.12725	171.556027777778	0
223032	1	-38.8654137136019	171.306665734618	0
223033	2	-38.6144539641043	171.118738254117	0
223034	3	-38.3514585088679	170.960720270826	0
223035	4	-38.0785432428176	170.833543741391	0
223036	5	-37.7978782036271	170.737863839179	0
223037	6	-37.5116686876121	170.674065500012	0
223038	7	-37.2221369695405	170.642272450139	0
223039	8	-36.9315047622997	170.642358202372	0
223040	9	-36.6419765158589	170.673958538424	0
223041	10	-36.3557236227791	170.736485041868	0
223042	11	-36.0748695703048	170.829139301572	0
223043	12	-35.8014760570934	170.950927465357	0
223044	13	-35.5375300757814	171.100674884095	0
223045	14	-35.2849319505061	171.277040644426	0
223046	15	-35.0454843106387	171.478531841574	0
223047	16	-34.8208819776851	171.703517490909	0
223048	17	-34.6127027408708	171.95024201714	0
223049	18	-34.4223989976351	172.216838293204	0
223050	19	-34.2512902374691	172.501340227193	0
223051	20	-34.100556350637	172.801694915613	0
223052	21	-33.9712317468382	173.115774395658	0
223053	22	-33.8642002723817	173.441387038891	0
223054	23	-33.7801909176668	173.776288634654	0
223055	24	-33.719774309494	174.118193214651	0
223056	25	-33.6833599848636	174.464783671279	0
223057	26	-33.6711944444445	174.813722222222	0
223058	27	-33.6833599848636	175.162660773165	0
223059	28	-33.719774309494	175.509251229793	0
223060	29	-33.7801909176668	175.85115580979	0
223061	30	-33.8642002723817	176.186057405554	0
223062	31	-33.9712317468382	176.511670048787	0
223063	32	-34.100556350637	176.825749528832	0
223064	33	-34.2512902374691	177.126104217251	0
223065	34	-34.4223989976351	177.41060615124	0
223066	35	-34.6127027408708	177.677202427305	0
223067	36	-34.8208819776851	177.923926953536	0
223068	37	-35.0454843106387	178.148912602871	0
223069	38	-35.2849319505061	178.350403800019	0
223070	39	-35.5375300757814	178.526769560349	0
223071	40	-35.8014760570934	178.676516979088	0
223072	41	-36.0748695703048	178.798305142873	0
223073	42	-36.3557236227791	178.890959402576	0
223074	43	-36.6419765158589	178.95348590602	0
223075	44	-36.9315047622997	178.985086242073	0
223076	45	-37.2221369695405	178.985171994305	0
223077	46	-37.5116686876121	178.953378944432	0
223078	47	-37.5415277777778	178.935805555556	0
223079	48	-38.45	-179.733333333333	0
223080	49	-42.8583333333333	175.05	0
223081	50	-48.15	168.266666666667	0
223082	51	-45.9166666666667	165.3	0
223083	52	-41.4241666666667	170.39	0
223084	53	-40.9626752868757	170.417706219841	0
223085	54	-40.676789213803	170.486827933093	0
223086	55	-40.3964643778562	170.587769260378	0
223087	56	-40.1237451224088	170.719407703846	0
223088	57	-39.8605972569052	170.880438482274	0
223089	58	-39.6088967936823	171.069391085497	0
223090	59	-39.3704196729567	171.284645205953	0
223091	60	-39.1468324315995	171.524445952539	0
223092	61	-39.12725	171.556027777778	0
233461	0	-36.9852	173.66814	0
233462	1	-36.98058	173.83542	0
233463	2	-36.8997360852824	173.810236523544	0
233464	3	-36.8420123561018	173.801370276208	0
233465	4	-36.7838899862533	173.79883237235	0
233466	5	-36.7258116655543	173.802627753476	0
233467	6	-36.6682187461849	173.812713286289	0
233468	7	-36.6115479096581	173.828998520615	0
233469	8	-36.5562278985205	173.851346786126	0
233470	9	-36.5026763356189	173.879576607664	0
233471	10	-36.4512966523397	173.913463417822	0
233472	11	-36.4024751457417	173.952741544687	0
233473	12	-36.3565781829748	173.99710645228	0
233474	13	-36.3139495698518	174.046217211204	0
233475	14	-36.2749080989075	174.099699177187	0
233476	15	-36.25428	174.13452	0
233477	16	-36.02172	174.2173	0
233478	17	-35.9815532829817	174.364712490672	0
233479	18	-35.9659825360586	174.452455645129	0
233480	19	-35.95766	174.51923	0
233481	20	-36.11883	174.62109	0
233482	21	-36.1226384729332	174.70317070597	0
233483	22	-36.1301652313908	174.774567830277	0
233484	23	-36.1426477558116	174.844901448284	0
233485	24	-36.1599933845421	174.913648932724	0
233486	25	-36.182073284817	174.980298560537	0
233487	26	-36.2087233412313	175.044353069103	0
233488	27	-36.2397452907752	175.10533314436	0
233489	28	-36.2749080989075	175.162780822813	0
233490	29	-36.3139495698517	175.216262788796	0
233491	30	-36.33712	175.24548	0
233492	31	-36.3890742806069	175.348015862535	0
233493	32	-36.4285962400145	175.412803821481	0
233494	33	-36.4724804205175	175.473133403003	0
233495	34	-36.5203999713668	175.528547471537	0
233496	35	-36.571997370895	175.578623223645	0
233497	36	-36.6268869347831	175.622975418955	0
233498	37	-36.6846575420657	175.661259414771	0
233499	38	-36.7448755642402	175.693173979623	0
233500	39	-36.8070879811451	175.718463860214	0
233501	40	-36.8708256655262	175.73692207559	0
233502	41	-36.9356068164272	175.748391912014	0
233503	42	-37.0009405197493	175.752768592111	0
233504	43	-37.0663304125376	175.75000059227	0
233505	44	-37.1312784258069	175.74009058332	0
233506	45	-37.1952885790534	175.72309597107	0
233507	46	-37.25739	175.69749	0
233508	47	-37.51324	175.38954	0
233509	48	-37.51323	175.32083	0
233510	49	-37.56184	175.15825	0
233511	50	-37.58866	174.78992	0
233512	51	-37.5790428863392	174.685827415722	0
233513	52	-37.5679450304035	174.623166160165	0
233514	53	-37.5525292027786	174.561987337275	0
233515	54	-37.5329153621239	174.502765868978	0
233516	55	-37.509256023824	174.445960458106	0
233517	56	-37.4817349968308	174.392009849857	0
233518	57	-37.48113	174.39212	0
233519	58	-37.65307	174.33864	0
233520	59	-37.5776262389133	174.205350965223	0
233521	60	-37.5330996364667	174.144880907047	0
233522	61	-37.4845376915819	174.089607895136	0
233523	62	-37.4323174434825	174.039950420832	0
233524	63	-37.3768434977989	173.996280992346	0
233525	64	-37.36427	173.98801	0
233526	65	-37.42744	173.79414	0
233527	66	-37.313246491466	173.730572823051	0
233528	67	-37.2367090416804	173.701464781058	0
233529	68	-37.1584399884965	173.680896348752	0
233530	69	-37.0790393032679	173.668998418569	0
233531	70	-36.9991137212823	173.665834551531	0
233532	71	-36.9852	173.66814	0
233931	0	-20.0348733333333	-159.81439	10343
233932	1	-20.0524621181107	-159.59874114417	10343
233933	2	-20.1047056727506	-159.389500190266	10343
233934	3	-20.1900502104165	-159.192896616004	10343
233935	4	-20.3059544700876	-159.014806804986	10343
233936	5	-20.4489611625829	-158.860586898323	10343
233937	6	-20.6147947476532	-158.734916962733	10343
233938	7	-20.7984833179696	-158.641660312115	10343
233939	8	-20.9945017547052	-158.583741866507	10343
233940	9	-21.1969327163238	-158.563049457909	10343
233941	10	-21.3996414263526	-158.580361948873	10343
233942	11	-21.5964596441397	-158.635307847369	10343
233943	12	-21.7813736548775	-158.726357696106	10343
233944	13	-21.948710638332	-158.850852802761	10343
233945	14	-22.0933174235812	-159.005071797576	10343
233946	15	-22.2107254756236	-159.184335040499	10343
233947	16	-22.297296057334	-159.383145099959	10343
233948	17	-22.3503399238429	-159.595359512824	10343
233949	18	-22.3682066666667	-159.81439	10343
233950	19	-22.3503399238429	-160.033420487176	10343
233951	20	-22.297296057334	-160.245634900041	10343
233952	21	-22.2107254756236	-160.444444959501	10343
233953	22	-22.0933174235812	-160.623708202424	10343
233954	23	-21.948710638332	-160.77792719724	10343
233955	24	-21.7813736548775	-160.902422303894	10343
233956	25	-21.5964596441397	-160.993472152631	10343
233957	26	-21.3996414263526	-161.048418051127	10343
233958	27	-21.1969327163238	-161.065730542091	10343
233959	28	-20.9945017547052	-161.045038133493	10343
233960	29	-20.7984833179696	-160.987119687885	10343
233961	30	-20.6147947476532	-160.893863037267	10343
233962	31	-20.4489611625829	-160.768193101677	10343
233963	32	-20.3059544700876	-160.613973195014	10343
233964	33	-20.1900502104165	-160.435883383996	10343
233965	34	-20.1047056727506	-160.239279809734	10343
233966	35	-20.0524621181107	-160.03003885583	10343
233967	36	-20.0348733333333	-159.81439	10343
233968	0	-19.5775033333333	-175.14859	10344
233969	1	-19.6025495409605	-174.841412569326	10344
233970	2	-19.6769501589798	-174.543279775386	10344
233971	3	-19.7985111905516	-174.262992986485	10344
233972	4	-19.9636422888335	-174.008871452773	10344
233973	5	-20.1674548006489	-173.78852231606	10344
233974	6	-20.4038962066191	-173.60862399022	10344
233975	7	-20.6659182017798	-173.474727580532	10344
233976	8	-20.9456749273446	-173.391081284337	10344
233977	9	-21.234747118652	-173.360483099943	10344
233978	10	-21.5243871415312	-173.384167599932	10344
233979	11	-21.8057790248214	-173.461732861468	10344
233980	12	-22.0703066643864	-173.591113686874	10344
233981	13	-22.309822421452	-173.768606753462	10344
233982	14	-22.5169074649766	-173.988952078471	10344
233983	15	-22.6851145603776	-174.245473031563	10344
233984	16	-22.8091837582088	-174.530274080954	10344
233985	17	-22.8852217516363	-174.834491721258	10344
233986	18	-22.9108366666667	-175.14859	10344
233987	19	-22.8852217516363	-175.462688278742	10344
233988	20	-22.8091837582088	-175.766905919046	10344
233989	21	-22.6851145603776	-176.051706968437	10344
233990	22	-22.5169074649766	-176.308227921529	10344
233991	23	-22.309822421452	-176.528573246538	10344
233992	24	-22.0703066643864	-176.706066313126	10344
233993	25	-21.8057790248214	-176.835447138532	10344
233994	26	-21.5243871415312	-176.913012400068	10344
233995	27	-21.234747118652	-176.936696900057	10344
233996	28	-20.9456749273446	-176.906098715663	10344
233997	29	-20.6659182017798	-176.822452419468	10344
233998	30	-20.4038962066191	-176.68855600978	10344
233999	31	-20.1674548006489	-176.50865768394	10344
234000	32	-19.9636422888335	-176.288308547227	10344
234001	33	-19.7985111905516	-176.034187013515	10344
234002	34	-19.6769501589798	-175.753900224614	10344
234003	35	-19.6025495409605	-175.455767430674	10344
234004	36	-19.5775033333333	-175.14859	10344
234110	0	-17.61889	-149.57722	10347
234111	1	-18.34307	-149.33064	10347
234112	2	-18.3677342022904	-149.449030338576	10347
234113	3	-18.3772674009817	-149.524969803205	10347
234114	4	-18.3804533333333	-149.6015	10347
234115	5	-18.3772674009817	-149.678030196795	10347
234116	6	-18.3677342022904	-149.753969661424	10347
234117	7	-18.3519273336891	-149.828732422695	10347
234118	8	-18.3299687956072	-149.901741986144	10347
234119	9	-18.3020280087102	-149.972435960047	10347
234120	10	-18.2683204498603	-150.040270548485	10347
234121	11	-18.229105920775	-150.10472487027	10347
234122	12	-18.1846864657172	-150.16530506502	10347
234123	13	-18.1354039576607	-150.221548150754	10347
234124	14	-18.0816373751988	-150.273025600778	10347
234125	15	-18.0237997949708	-150.31934661141	10347
234126	16	-17.9623351265552	-150.360161036069	10347
234127	17	-17.8977146185978	-150.395161965369	10347
234128	18	-17.8304331664106	-150.424087937021	10347
234129	19	-17.7610054523985	-150.446724763443	10347
234130	20	-17.689961951445	-150.462906968986	10347
234131	21	-17.6178448338504	-150.472518832521	10347
234132	22	-17.5452037985647	-150.475495034694	10347
234133	23	-17.4725918693374	-150.471820912526	10347
234134	24	-17.4005611860278	-150.461532327072	10347
234135	25	-17.3296588227128	-150.444715152616	10347
234136	26	-17.2604226634248	-150.421504398361	10347
234137	27	-17.1933773653647	-150.392082975725	10347
234138	28	-17.1290304382916	-150.356680126319	10347
234139	29	-17.067868467512	-150.315569527301	10347
234140	30	-17.0103535064859	-150.269067092302	10347
234141	31	-16.9569196635603	-150.217528487311	10347
234142	32	-16.9079699057353	-150.161346382046	10347
234143	33	-16.8638731006747	-150.100947458213	10347
234144	34	-16.8249613164067	-150.036789196892	10347
234145	35	-16.7915273963176	-149.969356467958	10347
234146	36	-16.7638228251384	-149.899157945039	10347
234147	37	-16.742055899657	-149.826722370025	10347
234148	38	-16.7263902158756	-149.752594691562	10347
234149	39	-16.7169434822646	-149.677332102302	10347
234150	40	-16.7137866666667	-149.6015	10347
234151	41	-16.7169434822646	-149.525667897698	10347
234152	42	-16.7263902158756	-149.450405308438	10347
234153	43	-16.742055899657	-149.376277629975	10347
234154	44	-16.7638228251384	-149.303842054961	10347
234155	45	-16.7915273963176	-149.233643532042	10347
234156	46	-16.8249613164067	-149.166210803108	10347
234157	47	-16.8638731006747	-149.102052541787	10347
234158	48	-16.9079699057353	-149.041653617954	10347
234159	49	-16.9569196635603	-148.985471512688	10347
234160	50	-17.0103535064859	-148.933932907698	10347
234161	51	-17.067868467512	-148.887430472699	10347
234162	52	-17.1290304382916	-148.846319873681	10347
234163	53	-17.1933773653647	-148.810917024275	10347
234164	54	-17.2604226634248	-148.781495601639	10347
234165	55	-17.3296588227128	-148.758284847384	10347
234166	56	-17.4005611860278	-148.741467672928	10347
234167	57	-17.4725918693374	-148.731179087474	10347
234168	58	-17.5452037985647	-148.727504965306	10347
234169	59	-17.6178448338504	-148.730481167479	10347
234170	60	-17.689961951445	-148.740093031014	10347
234171	61	-17.72014	-148.7426	10347
234172	62	-17.56611	-149.50861	10347
234173	63	-17.61889	-149.57722	10347
239344	0	-90	163	10564
239345	1	-90	-131	10564
239346	2	-60	-131	10564
239347	3	-60	163	10564
239348	4	-90	163	10564
239349	0	-90	163	10565
239350	1	-60	163	10565
239351	2	-60	180	10565
239352	3	-90	180	10565
239353	4	-90	163	10565
239354	0	-60	-180	10566
239355	1	-60	-131	10566
239356	2	-90	-131	10566
239357	3	-90	-180	10566
239358	4	-60	-180	10566
255661	0	-39.2303080555556	174.915445	11250
255662	1	-38.9216688888889	175.313611944444	11250
255663	2	-38.9550711111111	175.577033888889	11250
255664	3	-39.0986111111111	176.327776111111	11250
255665	4	-38.877225	176.628333333333	11250
255666	5	-38.90639	176.795278888889	11250
255667	6	-38.9286130555556	176.795278888889	11250
255668	7	-39.1522269444444	177.755281111111	11250
255669	8	-40.0047222222222	178.535277777778	11250
255670	9	-42.2054188888889	175.886893888889	11250
255671	10	-41.8033311111111	175.279033888889	11250
255672	11	-41.28056	175.805271944444	11250
255673	12	-41.1883333333333	175.314163888889	11250
255674	13	-40.8183333333333	175.547776111111	11250
255675	14	-40.7683269444444	175.275113888889	11250
255676	15	-40.71057	175.272781111111	11250
255677	16	-40.6316730555556	174.996665	11250
255678	17	-40.63168	174.923333333333	11250
255679	18	-39.2303080555556	174.915445	11250
255680	0	-39.12725	171.556028055556	11251
255681	1	-39.0072419444444	174.183933055556	11251
255682	2	-39.2303080555556	174.915445	11251
255683	3	-40.63168	174.923333333333	11251
255684	4	-40.6316730555556	174.996665	11251
255685	5	-40.71057	175.272781111111	11251
255686	6	-40.7683269444444	175.275113888889	11251
255687	7	-40.8183333333333	175.547776111111	11251
255688	8	-41.1883333333333	175.314163888889	11251
255689	9	-41.28056	175.805271944444	11251
255690	10	-41.8033311111111	175.279033888889	11251
255691	11	-41.8532761111111	174.682688888889	11251
255692	12	-41.7036130555556	174.166936944444	11251
255693	13	-41.7111111111111	173.521386944444	11251
255694	14	-41.7070911111111	173.48042	11251
255695	15	-41.6200419444444	172.631741111111	11251
255696	16	-41.7261180555556	172.533336111111	11251
255697	17	-41.96583	172.16667	11251
255698	18	-42.1125	172.030555555556	11251
255699	19	-41.5666666666667	170.243056944444	11251
255700	20	-41.4241680555556	170.39	11251
255701	21	-40.9625589639376	170.417975099982	11251
255702	22	-40.6766728801535	170.487096614654	11251
255703	23	-40.3963480288684	170.588037692906	11251
255704	24	-40.1236287539608	170.719675840743	11251
255705	25	-39.8604808654874	170.880706280836	11251
255706	26	-39.608780376484	171.069658506886	11251
255707	27	-39.3703032279322	171.284912215131	11251
255708	28	-39.1467159575109	171.524712518154	11251
255709	29	-39.12725	171.556028055556	11251
255710	0	-39.12725	171.556028055556	11252
255711	1	-39.0072419444444	174.183933055556	11252
255712	2	-39.2303080555556	174.915445	11252
255713	3	-38.9216688888889	175.313611944444	11252
255714	4	-38.9550711111111	175.577033888889	11252
255715	5	-39.0986111111111	176.327776111111	11252
255716	6	-38.877225	176.628333333333	11252
255717	7	-38.90639	176.795278888889	11252
255718	8	-38.9286130555556	176.795278888889	11252
255719	9	-39.1522269444444	177.755281111111	11252
255720	10	-40.0047222222222	178.535277777778	11252
255721	11	-42.2054188888889	175.886893888889	11252
255722	12	-41.8033311111111	175.279033888889	11252
255723	13	-41.8532761111111	174.682688888889	11252
255724	14	-41.7036130555556	174.166936944444	11252
255725	15	-41.7111111111111	173.521386944444	11252
255726	16	-41.7070911111111	173.48042	11252
255727	17	-41.6200419444444	172.631741111111	11252
255728	18	-41.7261180555556	172.533336111111	11252
255729	19	-41.96583	172.16667	11252
255730	20	-42.1125	172.030555555556	11252
255731	21	-41.5666666666667	170.243056944444	11252
255732	22	-41.4241680555556	170.39	11252
255733	23	-40.9625589639376	170.417975099982	11252
255734	24	-40.6766728801535	170.487096614654	11252
255735	25	-40.3963480288684	170.588037692906	11252
255736	26	-40.1236287539608	170.719675840743	11252
255737	27	-39.8604808654874	170.880706280836	11252
255738	28	-39.608780376484	171.069658506886	11252
255739	29	-39.3703032279322	171.284912215131	11252
255740	30	-39.1467159575109	171.524712518154	11252
255741	31	-39.12725	171.556028055556	11252
255742	0	-36.9919444444444	175.752777777778	11253
255743	1	-37.5416666666667	178.935833333333	11253
255744	2	-38.45	179.733331944444	11253
255745	3	-39.6633333333333	178.924446111111	11253
255746	4	-40.0047222222222	178.535277777778	11253
255747	5	-39.1522269444444	177.755281111111	11253
255748	6	-38.9286130555556	176.795278888889	11253
255749	7	-38.90639	176.795278888889	11253
255750	8	-38.877225	176.628333333333	11253
255751	9	-39.0986111111111	176.327776111111	11253
255752	10	-38.9550711111111	175.577033888889	11253
255753	11	-37.9361111111111	175.761111111111	11253
255754	12	-37.51324	175.38954	11253
255755	13	-37.2566680555556	175.695555555556	11253
255756	14	-36.9919444444444	175.752777777778	11253
255757	0	-39.1272311111111	171.556106111111	11254
255758	1	-38.8654137136019	171.306665734618	11254
255759	2	-38.6144539641043	171.118738254117	11254
255760	3	-38.3514585088679	170.960720270826	11254
255761	4	-38.0785432428176	170.833543741391	11254
255762	5	-37.7978782036271	170.737863839179	11254
255763	6	-37.5116686876121	170.674065500012	11254
255764	7	-37.2221369695405	170.642272450139	11254
255765	8	-36.9315047622997	170.642358202372	11254
255766	9	-36.6419765158589	170.673958538424	11254
255767	10	-36.3557236227791	170.736485041868	11254
255768	11	-36.0748695703048	170.829139301572	11254
255769	12	-35.8014760570934	170.950927465357	11254
255770	13	-35.5375300757814	171.100674884095	11254
255771	14	-35.2849319505061	171.277040644426	11254
255772	15	-35.0454843106387	171.478531841574	11254
255773	16	-34.8208819776851	171.703517490909	11254
255774	17	-34.6127027408708	171.95024201714	11254
255775	18	-34.4223989976351	172.216838293204	11254
255776	19	-34.2512902374691	172.501340227193	11254
255777	20	-34.100556350637	172.801694915613	11254
255778	21	-33.9712317468382	173.115774395658	11254
255779	22	-33.8642002723817	173.441387038891	11254
255780	23	-33.7801909176668	173.776288634654	11254
255781	24	-33.719774309494	174.118193214651	11254
255782	25	-33.6833599848636	174.464783671279	11254
255783	26	-33.6711944444445	174.813722222222	11254
255784	27	-33.6833599848636	175.162660773165	11254
255785	28	-33.719774309494	175.509251229793	11254
255786	29	-33.7801909176668	175.85115580979	11254
255787	30	-33.8642002723817	176.186057405554	11254
255788	31	-33.9712317468382	176.511670048787	11254
255789	32	-34.100556350637	176.825749528832	11254
255790	33	-34.2512902374691	177.126104217251	11254
255791	34	-34.4223989976351	177.41060615124	11254
255792	35	-34.6127027408708	177.677202427305	11254
255793	36	-34.8208819776851	177.923926953536	11254
255794	37	-35.0454843106387	178.148912602871	11254
255795	38	-35.2849319505061	178.350403800019	11254
255796	39	-35.5375300757814	178.526769560349	11254
255797	40	-35.8014760570934	178.676516979088	11254
255798	41	-36.0748695703048	178.798305142873	11254
255799	42	-36.3557236227791	178.890959402576	11254
255800	43	-36.6419765158589	178.95348590602	11254
255801	44	-36.9315047622997	178.985086242073	11254
255802	45	-37.2221369695405	178.985171994305	11254
255803	46	-37.5116686876121	178.953378944432	11254
255804	47	-37.5416666666667	178.935833333333	11254
255805	48	-38.45	179.733331944444	11254
255806	49	-39.6633333333333	178.924446111111	11254
255807	50	-40.0047222222222	178.535277777778	11254
255808	51	-39.1522269444444	177.755281111111	11254
255809	52	-38.9286130555556	176.795278888889	11254
255810	53	-38.90639	176.795278888889	11254
255811	54	-38.877225	176.628333333333	11254
255812	55	-39.0986111111111	176.327776111111	11254
255813	56	-38.9550711111111	175.577033888889	11254
255814	57	-38.9216688888889	175.313611944444	11254
255815	58	-39.2303080555556	174.915445	11254
255816	59	-39.0072419444444	174.183933055556	11254
255817	60	-39.0419444444444	173.544166666667	11254
255818	61	-39.12725	171.556028055556	11254
255819	62	-39.1272311111111	171.556106111111	11254
255820	0	-39.1272311111111	171.556106111111	11255
255821	1	-38.8654137136019	171.306665734618	11255
255822	2	-38.6144539641043	171.118738254117	11255
255823	3	-38.3514585088679	170.960720270826	11255
255824	4	-38.0785432428176	170.833543741391	11255
255825	5	-37.7978782036271	170.737863839179	11255
255826	6	-37.5116686876121	170.674065500012	11255
255827	7	-37.2221369695405	170.642272450139	11255
255828	8	-36.9315047622997	170.642358202372	11255
255829	9	-36.6419765158589	170.673958538424	11255
255830	10	-36.3557236227791	170.736485041868	11255
255831	11	-36.0748695703048	170.829139301572	11255
255832	12	-35.8014760570934	170.950927465357	11255
255833	13	-35.5375300757814	171.100674884095	11255
255834	14	-35.2849319505061	171.277040644426	11255
255835	15	-35.0454843106387	171.478531841574	11255
255836	16	-34.8208819776851	171.703517490909	11255
255837	17	-34.6127027408708	171.95024201714	11255
255838	18	-34.4223989976351	172.216838293204	11255
255839	19	-34.2512902374691	172.501340227193	11255
255840	20	-34.100556350637	172.801694915613	11255
255841	21	-33.9712317468382	173.115774395658	11255
255842	22	-33.8642002723817	173.441387038891	11255
255843	23	-33.7801909176668	173.776288634654	11255
255844	24	-33.719774309494	174.118193214651	11255
255845	25	-33.6833599848636	174.464783671279	11255
255846	26	-33.6711944444445	174.813722222222	11255
255847	27	-33.6833599848636	175.162660773165	11255
255848	28	-33.719774309494	175.509251229793	11255
255849	29	-33.7801909176668	175.85115580979	11255
255850	30	-33.8642002723817	176.186057405554	11255
255851	31	-33.9712317468382	176.511670048787	11255
255852	32	-34.100556350637	176.825749528832	11255
255853	33	-34.2512902374691	177.126104217251	11255
255854	34	-34.4223989976351	177.41060615124	11255
255855	35	-34.6127027408708	177.677202427305	11255
255856	36	-34.8208819776851	177.923926953536	11255
255857	37	-35.0454843106387	178.148912602871	11255
255858	38	-35.2849319505061	178.350403800019	11255
255859	39	-35.5375300757814	178.526769560349	11255
255860	40	-35.8014760570934	178.676516979088	11255
255861	41	-36.0748695703048	178.798305142873	11255
255862	42	-36.3557236227791	178.890959402576	11255
255863	43	-36.6419765158589	178.95348590602	11255
255864	44	-36.9315047622997	178.985086242073	11255
255865	45	-37.2221369695405	178.985171994305	11255
255866	46	-37.5116686876121	178.953378944432	11255
255867	47	-37.5416666666667	178.935833333333	11255
255868	48	-36.9919444444444	175.752777777778	11255
255869	49	-37.2566680555556	175.695555555556	11255
255870	50	-37.51324	175.38954	11255
255871	51	-37.51323	175.32083	11255
255872	52	-37.56184	175.15825	11255
255873	53	-37.57334	174.98117	11255
255874	54	-37.74438	174.97574	11255
255875	55	-37.75464	174.81364	11255
255876	56	-37.7517574765219	174.730969736365	11255
255877	57	-37.7431325144909	174.648947668896	11255
255878	58	-37.7288327454735	174.568216455016	11255
255879	59	-37.7089702454856	174.489407737172	11255
255880	60	-37.6837005778072	174.413136790386	11255
255881	61	-37.6532214681781	174.339997352438	11255
255882	62	-37.6177711272505	174.270556691957	11255
255883	63	-37.5776262389133	174.205350965223	11255
255884	64	-37.5330996364667	174.144880907047	11255
255885	65	-37.5208333333333	174.131944444444	11255
255886	66	-39.0419444444444	173.544166666667	11255
255887	67	-39.1272311111111	171.556106111111	11255
255888	0	-44.0494430555556	173.672221111111	11256
255889	1	-48.1486069444444	168.266663055556	11256
255890	2	-45.916665	165.3	11256
255891	3	-45.5036119444444	165.811941944444	11256
255892	4	-45.1322666631836	165.722453225826	11256
255893	5	-44.9432975054569	165.720890396485	11256
255894	6	-44.7549483263859	165.742519904709	11256
255895	7	-44.5686375512126	165.786954269046	11256
255896	8	-44.3857548777586	165.853646321168	11256
255897	9	-44.2076518123412	165.941899132023	11256
255898	10	-44.0356328121129	166.050876290572	11256
255899	11	-43.8709470463529	166.179612363214	11256
255900	12	-43.7147807811124	166.327023392907	11256
255901	13	-43.5682503854208	166.491917326615	11256
255902	14	-43.4323959527786	166.673004287234	11256
255903	15	-43.3081755286771	166.868906630962	11256
255904	16	-43.1964599331356	167.078168752979	11256
255905	17	-43.0980281665049	167.299266623108	11256
255906	18	-43.0135633868216	167.530617048951	11256
255907	19	-42.9436494476129	167.770586677067	11256
255908	20	-42.888767986087	168.017500753215	11256
255909	21	-42.8492960529426	168.269651670964	11256
255910	22	-42.8255042765167	168.525307344292	11256
255911	23	-42.8175555555556	168.782719444444	11256
255912	24	-42.8213880555556	168.913303888889	11256
255913	25	-41.5666666666667	170.243056944444	11256
255914	26	-42.1125	172.030555555556	11256
255915	27	-42.1827788888889	171.965	11256
255916	28	-42.88361	172.180553888889	11256
255917	29	-43.50417	172.514723055556	11256
255918	30	-44.0494430555556	173.672221111111	11256
255919	0	-42.2054188888889	175.886893888889	11257
255920	1	-44.0494430555556	173.672221111111	11257
255921	2	-43.50417	172.514723055556	11257
255922	3	-42.88361	172.180553888889	11257
255923	4	-42.1827788888889	171.965	11257
255924	5	-42.1125	172.030555555556	11257
255925	6	-41.96583	172.16667	11257
255926	7	-41.7261180555556	172.533336111111	11257
255927	8	-41.6200419444444	172.631741111111	11257
255928	9	-41.7070911111111	173.48042	11257
255929	10	-41.7111111111111	173.521386944444	11257
255930	11	-41.7036130555556	174.166936944444	11257
255931	12	-41.8532761111111	174.682688888889	11257
255932	13	-41.8033311111111	175.279033888889	11257
255933	14	-42.2054188888889	175.886893888889	11257
255934	0	-37.51324	175.38954	11258
255935	1	-37.9361111111111	175.761111111111	11258
255936	2	-38.9550711111111	175.577033888889	11258
255937	3	-38.9216688888889	175.313611944444	11258
255938	4	-39.2303080555556	174.915445	11258
255939	5	-39.0072419444444	174.183933055556	11258
255940	6	-39.0419444444444	173.544166666667	11258
255941	7	-37.5208333333333	174.131944444444	11258
255942	8	-37.5775143007776	174.205433824158	11258
255943	9	-37.6176591878347	174.27063945405	11258
255944	10	-37.6531095275586	174.340080010898	11258
255945	11	-37.6835886360977	174.413219339256	11258
255946	12	-37.7088583028335	174.489490171383	11258
255947	13	-37.728720802056	174.56829877045	11258
255948	14	-37.7430205705089	174.649029862423	11258
255949	15	-37.751645532194	174.73105180588	11258
255950	16	-37.7545280555556	174.813721944444	11258
255951	17	-37.751645532194	174.896392083009	11258
255952	18	-37.74438	174.97574	11258
255953	19	-37.57334	174.98117	11258
255954	20	-37.56184	175.15825	11258
255955	21	-37.51323	175.32083	11258
255956	22	-37.51324	175.38954	11258
255957	0	-36.9852	173.66814	11259
255958	1	-36.98058	173.83542	11259
255959	2	-36.8997360852824	173.810236523544	11259
255960	3	-36.8420123561018	173.801370276208	11259
255961	4	-36.7838899862533	173.79883237235	11259
255962	5	-36.7258116655543	173.802627753476	11259
255963	6	-36.6682187461849	173.812713286289	11259
255964	7	-36.6115479096581	173.828998520615	11259
255965	8	-36.5562278985205	173.851346786126	11259
255966	9	-36.5026763356189	173.879576607664	11259
255967	10	-36.4512966523397	173.913463417822	11259
255968	11	-36.4024751457417	173.952741544687	11259
255969	12	-36.3565781829748	173.99710645228	11259
255970	13	-36.3139495698518	174.046217211204	11259
255971	14	-36.2749080989075	174.099699177187	11259
255972	15	-36.25428	174.13452	11259
255973	16	-36.02172	174.2173	11259
255974	17	-35.9815532829817	174.364712490672	11259
255975	18	-35.9659825360586	174.452455645129	11259
255976	19	-35.95766	174.51923	11259
255977	20	-36.11883	174.62109	11259
255978	21	-36.1226384729332	174.70317070597	11259
255979	22	-36.1301652313908	174.774567830277	11259
255980	23	-36.1426477558116	174.844901448284	11259
255981	24	-36.1599933845421	174.913648932724	11259
255982	25	-36.182073284817	174.980298560537	11259
255983	26	-36.2087233412313	175.044353069103	11259
255984	27	-36.2397452907752	175.10533314436	11259
255985	28	-36.2749080989075	175.162780822813	11259
255986	29	-36.3139495698517	175.216262788796	11259
255987	30	-36.33712	175.24548	11259
255988	31	-36.3890742806069	175.348015862535	11259
255989	32	-36.4285962400145	175.412803821481	11259
255990	33	-36.4724804205175	175.473133403003	11259
255991	34	-36.5203999713668	175.528547471537	11259
255992	35	-36.571997370895	175.578623223645	11259
255993	36	-36.6268869347831	175.622975418955	11259
255994	37	-36.6846575420657	175.661259414771	11259
255995	38	-36.7448755642402	175.693173979623	11259
255996	39	-36.8070879811451	175.718463860214	11259
255997	40	-36.8708256655262	175.73692207559	11259
255998	41	-36.9356068164272	175.748391912014	11259
255999	42	-37.0009405197493	175.752768592111	11259
256000	43	-37.0663304125376	175.75000059227	11259
256001	44	-37.1312784258069	175.74009058332	11259
256002	45	-37.1952885790534	175.72309597107	11259
256003	46	-37.25739	175.69749	11259
256004	47	-37.51324	175.38954	11259
256005	48	-37.51323	175.32083	11259
256006	49	-37.56184	175.15825	11259
256007	50	-37.57334	174.98117	11259
256008	51	-37.74438	174.97574	11259
256009	52	-37.75464	174.81364	11259
256010	53	-37.7517574765219	174.730969736365	11259
256011	54	-37.7431325144909	174.648947668896	11259
256012	55	-37.7288327454735	174.568216455016	11259
256013	56	-37.7089702454856	174.489407737172	11259
256014	57	-37.6837005778072	174.413136790386	11259
256015	58	-37.6532214681781	174.339997352438	11259
256016	59	-37.6177711272505	174.270556691957	11259
256017	60	-37.5776262389133	174.205350965223	11259
256018	61	-37.5330996364667	174.144880907047	11259
256019	62	-37.4845376915819	174.089607895136	11259
256020	63	-37.4323174434825	174.039950420832	11259
256021	64	-37.3768434977989	173.996280992346	11259
256022	65	-37.36427	173.98801	11259
256023	66	-37.42744	173.79414	11259
256024	67	-37.313246491466	173.730572823051	11259
256025	68	-37.2367090416804	173.701464781058	11259
256026	69	-37.1584399884965	173.680896348752	11259
256027	70	-37.0790393032679	173.668998418569	11259
256028	71	-36.9991137212823	173.665834551531	11259
256029	72	-36.9852	173.66814	11259
256030	0	-43.73167	172.58345	11260
256031	1	-44.15564	172.71318	11260
256032	2	-44.1682114092457	172.59563202966	11260
256033	3	-44.1707766666667	172.51463	11260
256034	4	-44.1682114092457	172.43362797034	11260
256035	5	-44.1605358264546	172.353263252641	11260
256036	6	-44.1478103116505	172.274167645407	11260
256037	7	-44.1301349389633	172.196961984481	11260
256038	8	-44.1076485982855	172.122250821005	11260
256039	9	-44.0805277984716	172.050617286895	11260
256040	10	-44.048985152603	171.982618204333	11260
256041	11	-44.00943	171.92387	11260
256042	12	-44.13786	171.76611	11260
256043	13	-44.0363497318041	171.626642307836	11260
256044	14	-43.98618	171.57486	11260
256045	15	-43.88895	171.77058	11260
256046	16	-43.8346615661869	171.714237790112	11260
256047	17	-43.7828125345338	171.67773253247	11260
256048	18	-43.7288561588416	171.647684309106	11260
256049	19	-43.6732081571605	171.624306862248	11260
256050	20	-43.6162960968038	171.607761013024	11260
256051	21	-43.5585560226187	171.59815397891	11260
256052	22	-43.54096	171.59622	11260
256053	23	-43.53668	171.71376	11260
256054	24	-43.4504755309312	171.714151787333	11260
256055	25	-43.4000882277238	171.723960633703	11260
256056	26	-43.3505117359344	171.739755029469	11260
256057	27	-43.3021208836614	171.761401104328	11260
256058	28	-43.2552806587877	171.788721887496	11260
256059	29	-43.2103435345023	171.821499010754	11260
256060	30	-43.1676469104743	171.859474669983	11260
256061	31	-43.1275106852794	171.902353822383	11260
256062	32	-43.0902349742692	171.949806596717	11260
256063	33	-43.0560979856898	172.001470894473	11260
256064	34	-43.0253540665041	172.056955160471	11260
256065	35	-42.9982319280693	172.1158413023	11260
256066	36	-42.9749330605633	172.177687738889	11260
256067	37	-42.9556303438514	172.242032559453	11260
256068	38	-42.9404668613345	172.308396775015	11260
256069	39	-42.9295549222188	172.376287645549	11260
256070	40	-42.92599	172.43105	11260
256071	41	-42.83716	172.53368	11260
256072	42	-42.8474621308236	172.672524477393	11260
256073	43	-42.8599164186037	172.750016306428	11260
256074	44	-42.8772236907793	172.825772497551	11260
256075	45	-42.899256248891	172.899232551338	11260
256076	46	-42.9258513793639	172.9698513502	11260
256077	47	-42.9568124481967	173.037102893839	11260
256078	48	-42.991910229975	173.100483958738	11260
256079	49	-43.0308844656659	173.159517663969	11260
256080	50	-43.073445642491	173.213756924324	11260
256081	51	-43.1192769879339	173.26278777044	11260
256082	52	-43.1680366686306	173.306232514118	11260
256083	53	-43.2193601834959	173.34375273567	11260
256084	54	-43.24822	173.36227	11260
256085	55	-43.73167	172.58345	11260
256086	0	-37.57334	174.98117	11261
256087	1	-37.56184	175.15825	11261
256088	2	-37.51323	175.32083	11261
256089	3	-37.51324	175.38954	11261
256090	4	-37.65782	175.52745	11261
256091	5	-37.93607	175.76112	11261
256092	6	-38.54575	175.65126	11261
256093	7	-38.58494	175.32133	11261
256094	8	-38.53044	174.99586	11261
256095	9	-38.19027	175.03401	11261
256096	10	-38.11375	175.01691	11261
256097	11	-37.82314	174.97324	11261
256098	12	-37.57334	174.98117	11261
256128	0	-39.79591	174.76704	11263
256129	1	-39.6909	174.91791	11263
256130	2	-39.69725	175.36969	11263
256131	3	-39.71505	175.59033	11263
256132	4	-39.77119	175.75024	11263
256133	5	-39.78786	175.78217	11263
256134	6	-40.17367	175.9184	11263
256135	7	-40.19672	175.94643	11263
256136	8	-40.19554	176.22569	11263
256137	9	-40.2376527157612	176.23989004381	11263
256138	10	-40.277978138193	176.247214534652	11263
256139	11	-40.3186371576208	176.249910523711	11263
256140	12	-40.3593206770865	176.247949157492	11263
256141	13	-40.3997188554506	176.24133697363	11263
256142	14	-40.4395234695792	176.230116106768	11263
256143	15	-40.4784302811752	176.214364219412	11263
256144	16	-40.5161413897616	176.194194150464	11263
256145	17	-40.5523675529038	176.169753276541	11263
256146	18	-40.5868304545141	176.141222583836	11263
256147	19	-40.59999	176.12656	11263
256148	20	-40.48039	175.91664	11263
256149	21	-40.64629	175.70531	11263
256150	22	-40.67618	175.65051	11263
256151	23	-40.68629	175.46677	11263
256152	24	-40.67001	175.35727	11263
256153	25	-40.71087	175.27246	11263
256154	26	-40.6313	174.99654	11263
256155	27	-40.63167	174.91495	11263
256156	28	-39.79591	174.76704	11263
256157	0	-44.46822	167.83136	11264
256158	1	-44.18575	168.36475	11264
256159	2	-44.54647	169.16753	11264
256160	3	-44.4417	169.53876	11264
256161	4	-44.73331	169.74503	11264
256162	5	-44.89811	169.66125	11264
256163	6	-44.96792	169.48067	11264
256164	7	-45.46819	169.04648	11264
256165	8	-45.59142	168.90489	11264
256166	9	-45.70225	168.86305	11264
256167	10	-45.75886	168.75775	11264
256168	11	-45.80811	168.71336	11264
256169	12	-45.75344	168.39552	11264
256170	13	-45.84392	168.23108	11264
256171	14	-45.20372	168.25667	11264
256172	15	-45.0875	168.17639	11264
256173	16	-45.00614	168.22075	11264
256174	17	-44.97092	168.22745	11264
256175	18	-44.93955	168.09692	11264
256176	19	-44.63289	168.00179	11264
256177	20	-44.46822	167.83136	11264
256178	0	-40.71069	175.27283	11265
256179	1	-40.95189	175.28239	11265
256180	2	-41.18845	175.31416	11265
256181	3	-41.2867	175.26831	11265
256182	4	-41.43192	175.21692	11265
256183	5	-41.55994	175.1467	11265
256184	6	-41.61021	175.23637	11265
256185	7	-41.6558606451027	175.17542536832	11265
256186	8	-41.678101585036	175.136938251907	11265
256187	9	-41.6977380735829	175.09597733132	11265
256188	10	-41.714618219524	175.052857299649	11265
256189	11	-41.7286113395182	175.00791038787	11265
256190	12	-41.7396090218455	174.961483712256	11265
256191	13	-41.747526011428	174.913936477099	11265
256192	14	-41.7523009074474	174.865637058896	11265
256193	15	-41.7538966666667	174.81696	11265
256194	16	-41.7523009074474	174.768282941104	11265
256195	17	-41.74857	174.73357	11265
256196	18	-41.7492	174.73343	11265
256197	19	-42.06638	174.57825	11265
256198	20	-42.0414864165784	174.471567369977	11265
256199	21	-42.0161779357364	174.390343036856	11265
256200	22	-41.9856539394753	174.312469337638	11265
256201	23	-41.9501540389411	174.238552145082	11265
256202	24	-41.909956460749	174.169163525518	11265
256203	25	-41.8653756739285	174.104837102126	11265
256204	26	-41.8167597270197	174.046063840952	11265
256205	27	-41.7644873244834	173.99328829522	11265
256206	28	-41.7089646736044	173.94690533536	11265
256207	29	-41.70658	173.9446	11265
256208	30	-41.70766	173.81628	11265
256209	31	-41.61575	173.81613	11265
256210	32	-41.62567	173.50761	11265
256211	33	-41.53528	173.49312	11265
256212	34	-41.477	173.57083	11265
256213	35	-41.44698	173.60313	11265
256214	36	-41.45128	173.71959	11265
256215	37	-41.45053	173.7774	11265
256216	38	-41.44446	173.88176	11265
256217	39	-41.29611	174.00217	11265
256218	40	-41.15411	174.20036	11265
256219	41	-40.995	174.31364	11265
256220	42	-40.90483	174.3058	11265
256221	43	-40.63161	174.87544	11265
256222	44	-40.63161	174.99667	11265
256223	45	-40.71069	175.27283	11265
282308	0	-45.916665	165.3	12362
282309	1	-45	163	12362
282310	2	-30	163	12362
282311	3	-34.25198	172.4995	12362
282312	4	-34.6127027408708	171.95024201714	12362
282313	5	-34.8208819776851	171.703517490909	12362
282314	6	-35.0454843106387	171.478531841574	12362
282315	7	-35.2849319505061	171.277040644426	12362
282316	8	-35.5375300757814	171.100674884095	12362
282317	9	-35.8014760570934	170.950927465357	12362
282318	10	-36.0748695703048	170.829139301572	12362
282319	11	-36.3557236227791	170.736485041868	12362
282320	12	-36.6419765158589	170.673958538424	12362
282321	13	-36.9315047622997	170.642358202372	12362
282322	14	-37.2221369695405	170.642272450139	12362
282323	15	-37.5116686876121	170.674065500012	12362
282324	16	-37.7978782036271	170.737863839179	12362
282325	17	-38.0785432428176	170.833543741391	12362
282326	18	-38.3514585088679	170.960720270826	12362
282327	19	-38.6144539641043	171.118738254117	12362
282328	20	-38.8654137136019	171.306665734618	12362
282329	21	-39.1022953176126	171.52329043555	12362
282330	22	-39.1272311111111	171.556106111111	12362
282331	23	-39.3703032279322	171.284912215131	12362
282332	24	-39.608780376484	171.069658506886	12362
282333	25	-39.8604808654874	170.880706280836	12362
282334	26	-40.1236287539608	170.719675840743	12362
282335	27	-40.3963480288684	170.588037692906	12362
282336	28	-40.6766728801535	170.487096614654	12362
282337	29	-40.9625589639376	170.417975099982	12362
282338	30	-41.2518956950305	170.381596334892	12362
282339	31	-41.4241680555556	170.39	12362
282340	32	-41.5666666666667	170.243056944444	12362
282341	33	-42.8213880555556	168.913303888889	12362
282342	34	-42.8255042765167	168.525307344292	12362
282343	35	-42.8492960529426	168.269651670964	12362
282344	36	-42.888767986087	168.017500753215	12362
282345	37	-42.9436494476129	167.770586677067	12362
282346	38	-43.0135633868216	167.530617048951	12362
282347	39	-43.0980281665049	167.299266623108	12362
282348	40	-43.1964599331356	167.07816875298	12362
282349	41	-43.3081755286771	166.868906630962	12362
282350	42	-43.4323959527786	166.673004287234	12362
282351	43	-43.5682503854208	166.491917326615	12362
282352	44	-43.7147807811124	166.327023392907	12362
282353	45	-43.8709470463529	166.179612363214	12362
282354	46	-44.0356328121129	166.050876290572	12362
282355	47	-44.2076518123412	165.941899132023	12362
282356	48	-44.3857548777586	165.853646321168	12362
282357	49	-44.5686375512126	165.786954269046	12362
282358	50	-44.7549483263859	165.742519904709	12362
282359	51	-44.9432975054569	165.720890396485	12362
282360	52	-45.1322666631836	165.722453225826	12362
282361	53	-45.3204186946923	165.747426816597	12362
282362	54	-45.5036119444444	165.811941944444	12362
282363	55	-45.916665	165.3	12362
409432	0	-37.5415277777778	178.935805555556	17994
409433	1	-37.1788888888889	176.890305555556	17994
409434	2	-36.9862615909482	176.900405054739	17994
409435	3	-36.8411955483345	176.888509496321	17994
409436	4	-36.6975050847825	176.86094176422	17994
409437	5	-36.5562721269217	176.817996148958	17994
409438	6	-36.4185543151841	176.760076935572	17994
409439	7	-36.2853775452544	176.687693169548	17994
409440	8	-36.1577288838692	176.601452946741	17994
409441	9	-36.0365498880888	176.502057310011	17994
409442	10	-35.9227303522999	176.39029382623	17994
409443	11	-35.8171025029889	176.267029908008	17994
409444	12	-35.720435657738	176.133205935301	17994
409445	13	-35.6334313618804	175.989828223281	17994
409446	14	-35.556719013736	175.837961874694	17994
409447	15	-35.4908519872758	175.678723547559	17994
409448	16	-35.4363042593439	175.513274162504	17994
409449	17	-35.3934675471507	175.342811568401	17994
409450	18	-35.3626489605532	175.168563180234	17994
409451	19	-35.3440691726226	174.991778599221	17994
409452	20	-35.3378611111111	174.813722222222	17994
409453	21	-35.3440691726226	174.635665845224	17994
409454	22	-35.3626489605532	174.45888126421	17994
409455	23	-35.3934675471507	174.284632876043	17994
409456	24	-35.4363042593439	174.114170281941	17994
409457	25	-35.4908519872758	173.948720896885	17994
409458	26	-35.556719013736	173.78948256975	17994
409459	27	-35.6334313618804	173.637616221164	17994
409460	28	-35.720435657738	173.494238509143	17994
409461	29	-35.8171025029889	173.360414536437	17994
409462	30	-35.9227303522999	173.237150618215	17994
409463	31	-36.0365498880888	173.125387134433	17994
409464	32	-36.1577288838692	173.025991497703	17994
409465	33	-36.2853775452544	172.939751274896	17994
409466	34	-36.4185543151841	172.867367508873	17994
409467	35	-36.5562721269217	172.809448295487	17994
409468	36	-36.6975050847825	172.766502680225	17994
409469	37	-36.8411955483345	172.738934948124	17994
409470	38	-36.9862615909482	172.727039389706	17994
409471	39	-37.1316047980295	172.730995634047	17994
409472	40	-37.2761183641028	172.750864647289	17994
409473	41	-37.4186954411642	172.786585500369	17994
409474	42	-37.5582376835357	172.8379730128	17994
409475	43	-37.693663926968	172.904716379499	17994
409476	44	-37.8239189321912	172.986378884269	17994
409477	45	-37.9479821157652	173.082398796151	17994
409478	46	-38.0648761842366	173.192091533132	17994
409479	47	-38.173675581623	173.314653161413	17994
409480	48	-38.2735146554641	173.449165277604	17994
409481	49	-38.3635954434685	173.594601296235	17994
409482	50	-38.4431949814803	173.749834136218	17994
409483	51	-38.4531944444444	173.774583333333	17994
409484	52	-39.0391666666667	173.541388888889	17994
409485	53	-39.12725	171.556027777778	17994
409486	54	-38.8654137136019	171.306665734618	17994
409487	55	-38.6144539641043	171.118738254117	17994
409488	56	-38.3514585088679	170.960720270826	17994
409489	57	-38.0785432428176	170.833543741391	17994
409490	58	-37.7978782036271	170.737863839179	17994
409491	59	-37.5116686876121	170.674065500012	17994
409492	60	-37.2221369695405	170.642272450139	17994
409493	61	-36.9315047622997	170.642358202372	17994
409494	62	-36.6419765158589	170.673958538424	17994
409495	63	-36.3557236227791	170.736485041868	17994
409496	64	-36.0748695703048	170.829139301572	17994
409497	65	-35.8014760570934	170.950927465357	17994
409498	66	-35.5375300757814	171.100674884095	17994
409499	67	-35.2849319505061	171.277040644426	17994
409500	68	-35.0454843106387	171.478531841574	17994
409501	69	-34.8208819776851	171.703517490909	17994
409502	70	-34.6127027408708	171.95024201714	17994
409503	71	-34.4223989976351	172.216838293204	17994
409504	72	-34.2512902374691	172.501340227193	17994
409505	73	-34.100556350637	172.801694915613	17994
409506	74	-33.9712317468382	173.115774395658	17994
409507	75	-33.8642002723817	173.441387038891	17994
409508	76	-33.7801909176668	173.776288634654	17994
409509	77	-33.719774309494	174.118193214651	17994
409510	78	-33.6833599848636	174.464783671279	17994
409511	79	-33.6711944444445	174.813722222222	17994
409512	80	-33.6833599848636	175.162660773165	17994
409513	81	-33.719774309494	175.509251229793	17994
409514	82	-33.7801909176668	175.85115580979	17994
409515	83	-33.8642002723817	176.186057405554	17994
409516	84	-33.9712317468382	176.511670048787	17994
409517	85	-34.100556350637	176.825749528832	17994
409518	86	-34.2512902374691	177.126104217251	17994
409519	87	-34.4223989976351	177.41060615124	17994
409520	88	-34.6127027408708	177.677202427305	17994
409521	89	-34.8208819776851	177.923926953536	17994
409522	90	-35.0454843106387	178.148912602871	17994
409523	91	-35.2849319505061	178.350403800019	17994
409524	92	-35.5375300757814	178.526769560349	17994
409525	93	-35.8014760570934	178.676516979088	17994
409526	94	-36.0748695703048	178.798305142873	17994
409527	95	-36.3557236227791	178.890959402576	17994
409528	96	-36.6419765158589	178.95348590602	17994
409529	97	-36.9315047622997	178.985086242073	17994
409530	98	-37.2221369695405	178.985171994305	17994
409531	99	-37.5116686876121	178.953378944432	17994
409532	100	-37.5415277777778	178.935805555556	17994
409533	0	-36.3401388888889	175.248027777778	17995
409534	1	-36.3889620632655	175.348097313419	17995
409535	2	-36.4284840239283	175.412885177601	17995
409536	3	-36.4723682057293	175.47321467039	17995
409537	4	-36.5202877578803	175.528628656886	17995
409538	5	-36.5718851586751	175.578704334279	17995
409539	6	-36.6267747237566	175.62305646279	17995
409540	7	-36.6845453321234	175.661340400267	17995
409541	8	-36.74476335524	175.69325491574	17995
409542	9	-36.8069757729163	175.718544756355	17995
409543	10	-36.8707134578741	175.737002941541	17995
409544	11	-36.9354946091393	175.74847275788	17995
409545	12	-37.0008283126016	175.752849428248	17995
409546	13	-37.0662182053011	175.750081429207	17995
409547	14	-37.1311662182549	175.740171431685	17995
409548	15	-37.1951763709682	175.723176841501	17995
409549	16	-37.2577585892237	175.699209918552	17995
409550	17	-37.2566666666667	175.695277777778	17995
409551	18	-37.51325	175.389388888889	17995
409552	19	-37.5130555555556	175.354166666667	17995
409553	20	-37.3081944444444	175.437388888889	17995
409554	21	-37.2492073233621	175.477887243903	17995
409555	22	-37.2020550754149	175.501923194646	17995
409556	23	-37.1534108869268	175.52068113696	17995
409557	24	-37.1036474503366	175.534027681631	17995
409558	25	-37.0531452860888	175.541871531037	17995
409559	26	-37.0022897955731	175.544163854571	17995
409560	27	-36.95146829993	175.540898325881	17995
409561	28	-36.9010670878431	175.532110832091	17995
409562	29	-36.8514684946485	175.517878867551	17995
409563	30	-36.8030480341393	175.498320626665	17995
409564	31	-36.7561716033859	175.47359381199	17995
409565	32	-36.711192779733	175.443894174989	17995
409566	33	-36.6684502279104	175.409453807742	17995
409567	34	-36.6282652339249	175.370539204478	17995
409568	35	-36.5909393810988	175.327449112094	17995
409569	36	-36.5567523823069	175.280512188937	17995
409570	37	-36.5259600811534	175.230084490976	17995
409571	38	-36.4987926335219	175.176546804294	17995
409572	39	-36.4754528796439	175.120301842459	17995
409573	40	-36.4734166666667	175.115444444444	17995
409574	41	-36.4324285986742	175.070672990044	17995
409575	42	-36.4031007740795	175.030549850231	17995
409576	43	-36.3766835094033	174.987432707104	17995
409577	44	-36.3533747899985	174.941647540497	17995
409578	45	-36.3333491406531	174.893539361393	17995
409579	46	-36.3167563820605	174.843469691568	17995
409580	47	-36.3037205667464	174.791813951193	17995
409581	48	-36.2943391003985	174.73895877011	17995
409582	49	-36.2886820534485	174.685299238326	17995
409583	50	-36.2867916666667	174.631236111111	17995
409584	51	-36.2886820534485	174.577172983896	17995
409585	52	-36.2943391003985	174.523513452112	17995
409586	53	-36.3037205667464	174.470658271029	17995
409587	54	-36.3167563820605	174.419002530654	17995
409588	55	-36.3333491406531	174.368932860829	17995
409589	56	-36.3533747899985	174.320824681725	17995
409590	57	-36.3766835094033	174.275039515119	17995
409591	58	-36.4031007740795	174.231922371991	17995
409592	59	-36.4324285986742	174.191799232179	17995
409593	60	-36.4644469532017	174.154974632017	17995
409594	61	-36.4989153432065	174.12172937608	17995
409595	62	-36.5355745448664	174.092318389254	17995
409596	63	-36.5741484846147	174.066968725435	17995
409597	64	-36.6143462517396	174.045877749123	17995
409598	65	-36.6558642313024	174.029211505979	17995
409599	66	-36.6983883436196	174.017103298147	17995
409600	67	-36.7415963754843	174.009652479556	17995
409601	68	-36.7851603872791	174.006923485756	17995
409602	69	-36.8287491791597	174.00894511182	17995
409603	70	-36.8720307985963	174.015710050617	17995
409604	71	-36.9146750707552	174.027174702249	17995
409605	72	-36.9563561325137	174.043259263607	17995
409606	73	-36.9662305555556	174.046938888889	17995
409607	74	-36.980925	173.833702777778	17995
409608	75	-36.8997377517779	173.810232616725	17995
409609	76	-36.8420140225936	173.801366369233	17995
409610	77	-36.783891652744	173.798828465358	17995
409611	78	-36.7258133320467	173.802623846605	17995
409612	79	-36.6682204126815	173.812709379674	17995
409613	80	-36.6115495761614	173.828994614389	17995
409614	81	-36.5562295650328	173.851342880416	17995
409615	82	-36.5026780021421	173.879572702595	17995
409616	83	-36.4512983188756	173.913459513512	17995
409617	84	-36.4024768122915	173.952737641246	17995
409618	85	-36.3565798495394	173.997102549813	17995
409619	86	-36.3139512364315	174.046213309808	17995
409620	87	-36.2749097655024	174.099695276951	17995
409621	88	-36.2530277777778	174.134472222222	17995
409622	89	-36.0228333333333	174.217805555556	17995
409623	90	-35.9815549496303	174.364708596154	17995
409624	91	-35.9659842027172	174.452451752466	17995
409625	92	-35.9581666666667	174.519305555556	17995
409626	93	-36.11925	174.621	17995
409627	94	-36.1226401395986	174.703166818608	17995
409628	95	-36.1301668980523	174.774563944432	17995
409629	96	-36.1426494224666	174.844897563934	17995
409630	97	-36.1599950511885	174.913645049839	17995
409631	98	-36.1820749514527	174.980294679075	17995
409632	99	-36.2087250078546	175.044349189012	17995
409633	100	-36.2397469573848	175.105329265579	17995
409634	101	-36.2749097655024	175.162776945271	17995
409635	102	-36.3139512364315	175.216258912414	17995
409636	103	-36.3401388888889	175.248027777778	17995
409637	0	-37.1788888888889	176.890305555556	17996
409638	1	-36.9765833333333	175.749805555556	17996
409639	2	-37.0662182053011	175.750081429207	17996
409640	3	-37.1311662182549	175.740171431685	17996
409641	4	-37.1951763709682	175.723176841501	17996
409642	5	-37.2577585892237	175.699209918552	17996
409643	6	-37.2566666666667	175.695277777778	17996
409644	7	-37.51325	175.389388888889	17996
409645	8	-37.658	175.527861111111	17996
409646	9	-37.9358333333333	175.760833333333	17996
409647	10	-38.9550833333333	175.577027777778	17996
409648	11	-38.9319722222222	175.372027777778	17996
409649	12	-38.9215277777778	175.313722222222	17996
409650	13	-39.2303055555556	174.915444444444	17996
409651	14	-39.0072416666667	174.183933333333	17996
409652	15	-39.0303888888889	173.724166666667	17996
409653	16	-39.0391666666667	173.541388888889	17996
409654	17	-38.4531944444444	173.774583333333	17996
409655	18	-38.3635954434685	173.594601296235	17996
409656	19	-38.2735146554641	173.449165277604	17996
409657	20	-38.173675581623	173.314653161413	17996
409658	21	-38.0648761842366	173.192091533132	17996
409659	22	-37.9479821157652	173.082398796151	17996
409660	23	-37.8239189321912	172.986378884269	17996
409661	24	-37.693663926968	172.904716379499	17996
409662	25	-37.5582376835357	172.8379730128	17996
409663	26	-37.4186954411642	172.786585500369	17996
409664	27	-37.2761183641028	172.750864647289	17996
409665	28	-37.1316047980295	172.730995634047	17996
409666	29	-36.9862615909482	172.727039389706	17996
409667	30	-36.8411955483345	172.738934948124	17996
409668	31	-36.6975050847825	172.766502680225	17996
409669	32	-36.5562721269217	172.809448295487	17996
409670	33	-36.4185543151841	172.867367508873	17996
409671	34	-36.2853775452544	172.939751274896	17996
409672	35	-36.1577288838692	173.025991497703	17996
409673	36	-36.0365498880888	173.125387134433	17996
409674	37	-35.9227303522999	173.237150618215	17996
409675	38	-35.8171025029889	173.360414536437	17996
409676	39	-35.720435657738	173.494238509143	17996
409677	40	-35.6334313618804	173.637616221164	17996
409678	41	-35.556719013736	173.78948256975	17996
409679	42	-35.4908519872758	173.948720896885	17996
409680	43	-35.4363042593439	174.114170281941	17996
409681	44	-35.3934675471507	174.284632876043	17996
409682	45	-35.3626489605532	174.45888126421	17996
409683	46	-35.3440691726226	174.635665845224	17996
409684	47	-35.3378611111111	174.813722222222	17996
409685	48	-35.3440691726226	174.991778599221	17996
409686	49	-35.3626489605532	175.168563180234	17996
409687	50	-35.3934675471507	175.342811568401	17996
409688	51	-35.4363042593439	175.513274162504	17996
409689	52	-35.4908519872758	175.678723547559	17996
409690	53	-35.556719013736	175.837961874694	17996
409691	54	-35.6334313618804	175.989828223281	17996
409692	55	-35.720435657738	176.133205935301	17996
409693	56	-35.8171025029889	176.267029908008	17996
409694	57	-35.9227303522999	176.39029382623	17996
409695	58	-36.0365498880888	176.502057310011	17996
409696	59	-36.1577288838692	176.601452946741	17996
409697	60	-36.2853775452544	176.687693169548	17996
409698	61	-36.4185543151841	176.760076935572	17996
409699	62	-36.5562721269217	176.817996148958	17996
409700	63	-36.6975050847825	176.86094176422	17996
409701	64	-36.8411955483345	176.888509496321	17996
409702	65	-36.9862615909482	176.900405054739	17996
409703	66	-37.1316047980295	176.896448810398	17996
409704	67	-37.1788888888889	176.890305555556	17996
409705	0	-36.7940277777778	174.982194444444	17997
409706	1	-36.8129530556008	175.014351937922	17997
409707	2	-36.8276518599057	175.034479202307	17997
409708	3	-36.8436960130463	175.05293732837	17997
409709	4	-36.8609642169733	175.069585680705	17997
409710	5	-36.8793258350729	175.084297049976	17997
409711	6	-36.8986418626678	175.096958635523	17997
409712	7	-36.918765962539	175.107472928372	17997
409713	8	-36.9395455582632	175.115758487218	17997
409714	9	-36.9608229776676	175.12175060053	17997
409715	10	-36.982436638245	175.125401828507	17997
409716	11	-37.0042222659642	175.126682419314	17997
409717	12	-37.0121666666667	175.125638888889	17997
409718	13	-37.0012777777778	175.028333333333	17997
409719	14	-36.9972777777778	174.977833333333	17997
409720	15	-37.0007777777778	174.962277777778	17997
409721	16	-37.0018972222222	174.959861111111	17997
409722	17	-37.0029444444444	174.957344444444	17997
409723	18	-37.0125444444444	174.950386111111	17997
409724	19	-37.0157777777778	174.941361111111	17997
409725	20	-37.0453944444444	174.928958333333	17997
409726	21	-37.0770833333333	174.92825	17997
409727	22	-37.1648888888889	174.900166666667	17997
409728	23	-37.2315833333333	174.900194444444	17997
409729	24	-37.2429444444444	174.909222222222	17997
409730	25	-37.2508228123531	174.868168593349	17997
409731	26	-37.2536788690189	174.841004772267	17997
409732	27	-37.2546333333333	174.813630555556	17997
409733	28	-37.2536788690189	174.786256338845	17997
409734	29	-37.2508228123531	174.759092517762	17997
409735	30	-37.2460871140983	174.732347823087	17997
409736	31	-37.2395081658018	174.70622767057	17997
409737	32	-37.2311365120004	174.680932539919	17997
409738	33	-37.2210364508613	174.656656397096	17997
409739	34	-37.2092855267644	174.633585173543	17997
409740	35	-37.1959739192553	174.611895315304	17997
409741	36	-37.1812037336785	174.591752414162	17997
409742	37	-37.1650881996107	174.573309932016	17997
409743	38	-37.1477507839588	174.556708028615	17997
409744	39	-37.1293242262552	174.542072501686	17997
409745	40	-37.1099495042654	174.529513847246	17997
409746	41	-37.0897747385241	174.519126446646	17997
409747	42	-37.0689540448217	174.510987885636	17997
409748	43	-37.0476463439882	174.505158409404	17997
409749	44	-37.0446944444444	174.505472222222	17997
409750	45	-36.9983611111111	174.5955	17997
409751	46	-36.9624444444445	174.614833333333	17997
409752	47	-36.926	174.706861111111	17997
409753	48	-36.9207222222222	174.765166666667	17997
409754	49	-36.9313333333333	174.831305555556	17997
409755	50	-36.91225	174.858333333333	17997
409756	51	-36.8618888888889	174.882166666667	17997
409757	52	-36.8465277777778	174.901861111111	17997
409758	53	-36.7940277777778	174.982194444444	17997
409759	0	-37.1694166666667	175.292055555556	17998
409760	1	-37.2121065422209	175.266723881709	17998
409761	2	-37.2428534839293	175.24237465515	17998
409762	3	-37.2717876744214	175.214731712501	17998
409763	4	-37.2986867030484	175.18400385291	17998
409764	5	-37.3233435703585	175.150424343323	17998
409765	6	-37.3455683337068	175.114249164834	17998
409766	7	-37.3651896235659	175.075755054607	17998
409767	8	-37.3820560167653	175.035237358371	17998
409768	9	-37.3960372540161	174.993007710956	17998
409769	10	-37.407025290374	174.949391564649	17998
409770	11	-37.4149351687434	174.904725587256	17998
409771	12	-37.4197057081227	174.859354953577	17998
409772	13	-37.4213	174.813630555556	17998
409773	14	-37.4197057081227	174.767906157534	17998
409774	15	-37.4149351687434	174.722535523855	17998
409775	16	-37.407025290374	174.677869546462	17998
409776	17	-37.3960372540161	174.634253400155	17998
409777	18	-37.3820560167653	174.59202375274	17998
409778	19	-37.3651896235659	174.551506056504	17998
409779	20	-37.3455683337068	174.513011946277	17998
409780	21	-37.3233435703585	174.476836767788	17998
409781	22	-37.2986867030484	174.443257258201	17998
409782	23	-37.2717876744214	174.41252939861	17998
409783	24	-37.2428534839293	174.384886455962	17998
409784	25	-37.2121065422209	174.360537229402	17998
409785	26	-37.1797829109478	174.339664513481	17998
409786	27	-37.1461304434735	174.322423788019	17998
409787	28	-37.1114068425471	174.308942141834	17998
409788	29	-37.0758776514121	174.29931743495	17998
409789	30	-37.0398141950395	174.293617701469	17998
409790	31	-37.0034914882389	174.291880792901	17998
409791	32	-36.9823611111111	174.294277777778	17998
409792	33	-36.952912673877	174.269998915256	17998
409793	34	-36.9270671409276	174.253324261384	17998
409794	35	-36.9001566483459	174.239541477279	17998
409795	36	-36.8723870110221	174.228752861562	17998
409796	37	-36.843970385811	174.221037530809	17998
409797	38	-36.8151236326552	174.216450910096	17998
409798	39	-36.786066646762	174.215024412581	17998
409799	40	-36.7570206750144	174.216765307412	17998
409800	41	-36.7282066296839	174.22165677364	17998
409801	42	-36.6998434123067	174.229658136409	17998
409802	43	-36.6721462602687	174.24070528036	17998
409803	44	-36.6453251282577	174.254711234015	17998
409804	45	-36.6195831162666	174.271566917859	17998
409805	46	-36.5951149552962	174.291142047934	17998
409806	47	-36.5721055613103	174.313286185984	17998
409807	48	-36.5507286673489	174.337829926519	17998
409808	49	-36.5311455430222	174.364586210644	17998
409809	50	-36.5135038098815	174.393351756034	17998
409810	51	-36.4979363604181	174.423908592102	17998
409811	52	-36.4845603876648	174.456025689127	17998
409812	53	-36.4734765315871	174.489460669889	17998
409813	54	-36.4647681476462	174.523961592241	17998
409814	55	-36.4585007021003	174.559268790887	17998
409815	56	-36.4547212977913	174.59511676661	17998
409816	57	-36.4534583333333	174.631236111111	17998
409817	58	-36.4547212977913	174.667355455613	17998
409818	59	-36.4585007021003	174.703203431335	17998
409819	60	-36.4647681476462	174.738510629981	17998
409820	61	-36.4734765315871	174.773011552333	17998
409821	62	-36.4845603876648	174.806446533096	17998
409822	63	-36.4979363604181	174.83856363012	17998
409823	64	-36.5135038098815	174.869120466188	17998
409824	65	-36.5311455430222	174.897886011578	17998
409825	66	-36.5507286673489	174.924642295703	17998
409826	67	-36.5721055613103	174.949186036238	17998
409827	68	-36.5951149552962	174.971330174288	17998
409828	69	-36.6195831162666	174.990905304363	17998
409829	70	-36.6453251282577	175.007760988207	17998
409830	71	-36.6721462602687	175.021766941862	17998
409831	72	-36.6998434123067	175.032814085813	17998
409832	73	-36.7237777777778	175.038194444444	17998
409833	74	-36.7488792895005	175.081126848402	17998
409834	75	-36.7684619154683	175.107959456588	17998
409835	76	-36.7898383104051	175.132573417335	17998
409836	77	-36.8128472197693	175.15478113459	17998
409837	78	-36.8373149251771	175.174412709677	17998
409838	79	-36.8630565244682	175.191317259137	17998
409839	80	-36.8898772991734	175.205364105624	17998
409840	81	-36.9175741601783	175.216443831663	17998
409841	82	-36.9459371616879	175.224469186604	17998
409842	83	-36.9747510729474	175.229375837747	17998
409843	84	-37.0037969965832	175.231122957419	17998
409844	85	-37.0145	175.229666666667	17998
409845	86	-37.0862222222222	175.154638888889	17998
409846	87	-37.1168055555556	175.211388888889	17998
409847	88	-37.1694166666667	175.292055555556	17998
409848	0	-36.7940277777778	174.982194444444	17999
409849	1	-36.8129530556008	175.014351937922	17999
409850	2	-36.8276518599057	175.034479202307	17999
409851	3	-36.8436960130463	175.05293732837	17999
409852	4	-36.8609642169733	175.069585680705	17999
409853	5	-36.8793258350729	175.084297049976	17999
409854	6	-36.8986418626678	175.096958635523	17999
409855	7	-36.918765962539	175.107472928372	17999
409856	8	-36.9395455582632	175.115758487218	17999
409857	9	-36.9608229776676	175.12175060053	17999
409858	10	-36.982436638245	175.125401828507	17999
409859	11	-37.0042222659642	175.126682419314	17999
409860	12	-37.0121666666667	175.125638888889	17999
409861	13	-37.0012777777778	175.028333333333	17999
409862	14	-36.9972777777778	174.977833333333	17999
409863	15	-37.0007777777778	174.962277777778	17999
409864	16	-37.0018972222222	174.959861111111	17999
409865	17	-37.0029444444444	174.957344444444	17999
409866	18	-37.0125444444444	174.950386111111	17999
409867	19	-37.0157777777778	174.941361111111	17999
409868	20	-37.0453944444444	174.928958333333	17999
409869	21	-37.0770833333333	174.92825	17999
409870	22	-37.1648888888889	174.900166666667	17999
409871	23	-37.2315833333333	174.900194444444	17999
409872	24	-37.2429444444444	174.909194444444	17999
409873	25	-37.2507172568454	174.868260183611	17999
409874	26	-37.2535733134753	174.841096400579	17999
409875	27	-37.2545277777778	174.813722222222	17999
409876	28	-37.2535733134753	174.786348043865	17999
409877	29	-37.2507172568454	174.759184260834	17999
409878	30	-37.245981558649	174.732439603607	17999
409879	31	-37.2394026104317	174.706319487641	17999
409880	32	-37.2310309567279	174.681024392356	17999
409881	33	-37.2209308957019	174.656748283438	17999
409882	34	-37.20917997173	174.633677092065	17999
409883	35	-37.195868364354	174.611987264029	17999
409884	36	-37.1810981789144	174.591844390885	17999
409885	37	-37.1649826449837	174.573401934314	17999
409886	38	-37.1476452294645	174.556800053874	17999
409887	39	-37.1292186718852	174.542164547119	17999
409888	40	-37.1098439500077	174.529605909917	17999
409889	41	-37.089669184363	174.519218523495	17999
409890	42	-37.0688484907387	174.511079973502	17999
409891	43	-37.0475407899624	174.505250505051	17999
409892	44	-37.0446944444444	174.505472222222	17999
409893	45	-36.9983611111111	174.5955	17999
409894	46	-36.9624444444445	174.614833333333	17999
409895	47	-36.926	174.706861111111	17999
409896	48	-36.9207222222222	174.765166666667	17999
409897	49	-36.9089722222222	174.782472222222	17999
409898	50	-36.90375	174.81175	17999
409899	51	-36.91225	174.858333333333	17999
409900	52	-36.8618888888889	174.882166666667	17999
409901	53	-36.8465277777778	174.901861111111	17999
409902	54	-36.7940277777778	174.982194444444	17999
409903	0	-36.6101666666667	174.982583333333	18000
409904	1	-36.6268027428156	175.033046603558	18000
409905	2	-36.6435060874899	175.073278391488	18000
409906	3	-36.6629469829607	175.111561851876	18000
409907	4	-36.6849794877788	175.147608037855	18000
409908	5	-36.7094380744401	175.18114412944	18000
409909	6	-36.7361388250771	175.211915462278	18000
409910	7	-36.7648807646939	175.23968744602	18000
409911	8	-36.7954473237423	175.264247358477	18000
409912	9	-36.8276079208771	175.28540600189	18000
409913	10	-36.8611196557957	175.30299920781	18000
409914	11	-36.8957291011458	175.316889177481	18000
409915	12	-36.9311741815943	175.32696564504	18000
409916	13	-36.9671861273017	175.333146851494	18000
409917	14	-37.0034914882389	175.33538031821	18000
409918	15	-37.0398141950395	175.333643409642	18000
409919	16	-37.0758776514121	175.327943676161	18000
409920	17	-37.1114068425471	175.318318969277	18000
409921	18	-37.1461304434735	175.304837323092	18000
409922	19	-37.1694166666667	175.292055555556	18000
409923	20	-37.1168055555556	175.211388888889	18000
409924	21	-37.0862222222222	175.154638888889	18000
409925	22	-37.0145	175.229666666667	18000
409926	23	-36.9747510729474	175.229375837747	18000
409927	24	-36.9459371616879	175.224469186604	18000
409928	25	-36.9175741601783	175.216443831663	18000
409929	26	-36.8898772991734	175.205364105624	18000
409930	27	-36.8630565244682	175.191317259137	18000
409931	28	-36.8373149251771	175.174412709677	18000
409932	29	-36.8128472197693	175.15478113459	18000
409933	30	-36.7898383104051	175.132573417335	18000
409934	31	-36.7684619154683	175.107959456588	18000
409935	32	-36.7488792895005	175.081126848402	18000
409936	33	-36.7312380390257	175.052279452086	18000
409937	34	-36.7237777777778	175.038194444444	18000
409938	35	-36.6721462602687	175.021766941862	18000
409939	36	-36.6453251282577	175.007760988207	18000
409940	37	-36.6195831162666	174.990905304363	18000
409941	38	-36.6101666666667	174.982583333333	18000
409942	0	-36.9207222222222	174.765166666667	18001
409943	1	-36.9089722222222	174.782472222222	18001
409944	2	-36.90375	174.81175	18001
409945	3	-36.91225	174.858333333333	18001
409946	4	-36.9313333333333	174.831305555556	18001
409947	5	-36.9207222222222	174.765166666667	18001
409948	0	-36.4734166666667	175.115444444444	18002
409949	1	-36.4987926335219	175.176546804294	18002
409950	2	-36.5259600811534	175.230084490976	18002
409951	3	-36.5567523823069	175.280512188937	18002
409952	4	-36.5909393810988	175.327449112094	18002
409953	5	-36.6282652339249	175.370539204478	18002
409954	6	-36.6684502279104	175.409453807742	18002
409955	7	-36.711192779733	175.443894174989	18002
409956	8	-36.7561716033859	175.47359381199	18002
409957	9	-36.8030480341393	175.498320626665	18002
409958	10	-36.8514684946485	175.517878867551	18002
409959	11	-36.9010670878431	175.532110832091	18002
409960	12	-36.95146829993	175.540898325881	18002
409961	13	-37.0022897955731	175.544163854571	18002
409962	14	-37.0531452860888	175.541871531037	18002
409963	15	-37.1036474503366	175.534027681631	18002
409964	16	-37.1534108869268	175.52068113696	18002
409965	17	-37.2020550754149	175.501923194646	18002
409966	18	-37.2492073233621	175.477887243903	18002
409967	19	-37.2945056755107	175.448748044645	18002
409968	20	-37.3081944444444	175.437388888889	18002
409969	21	-37.5130555555556	175.354166666667	18002
409970	22	-37.51325	175.320805555556	18002
409971	23	-37.5388055555556	175.235777777778	18002
409972	24	-37.5619444444444	175.158472222222	18002
409973	25	-37.5733611111111	174.9815	18002
409974	26	-37.5856241428871	174.877878257438	18002
409975	27	-37.5878611111111	174.813722222222	18002
409976	28	-37.5856241428871	174.749566187006	18002
409977	29	-37.5789306643962	174.685909830585	18002
409978	30	-37.5678328088014	174.623248669356	18002
409979	31	-37.5524169816388	174.562069938428	18002
409980	32	-37.5328031415536	174.502848558972	18002
409981	33	-37.5091438039124	174.446043233101	18002
409982	34	-37.4816227776471	174.392092705331	18002
409983	35	-37.4504536483297	174.341412226943	18002
409984	36	-37.4158780229029	174.294390256203	18002
409985	37	-37.3781635536549	174.251385423634	18002
409986	38	-37.3376017609127	174.212723787431	18002
409987	39	-37.3001611111111	174.184241666667	18002
409988	40	-37.2360583333333	174.380466666667	18002
409989	41	-37.2716821214523	174.412621627622	18002
409990	42	-37.2985811496983	174.443349444639	18002
409991	43	-37.3232380166266	174.476928907524	18002
409992	44	-37.3454627796041	174.513104035541	18002
409993	45	-37.365084069115	174.551598091916	18002
409994	46	-37.3819504619992	174.592115731344	18002
409995	47	-37.3959316989779	174.634345319444	18002
409996	48	-37.4069197351148	174.677961404401	18002
409997	49	-37.4148296133212	174.722627318901	18002
409998	50	-37.4196001526007	174.767997888651	18002
409999	51	-37.4211944444444	174.813722222222	18002
410000	52	-37.4196001526007	174.859446555793	18002
410001	53	-37.4148296133212	174.904817125543	18002
410002	54	-37.4069197351148	174.949483040043	18002
410003	55	-37.3959316989779	174.993099125	18002
410004	56	-37.3819504619992	175.0353287131	18002
410005	57	-37.365084069115	175.075846352528	18002
410006	58	-37.3454627796041	175.114340408904	18002
410007	59	-37.3232380166266	175.15051553692	18002
410008	60	-37.2985811496983	175.184094999806	18002
410009	61	-37.2716821214523	175.214822816823	18002
410010	62	-37.2427479313291	175.242465721346	18002
410011	63	-37.2120009899658	175.266814914512	18002
410012	64	-37.1796773590039	175.287687602009	18002
410013	65	-37.146024891797	175.304928304217	18002
410014	66	-37.1113012910865	175.318409932474	18002
410015	67	-37.0757721001091	175.328034626866	18002
410016	68	-37.0397086438314	175.33373435336	18002
410017	69	-37.0033859370598	175.335471260469	18002
410018	70	-36.9670805760853	175.333237797804	18002
410019	71	-36.9310686302752	175.327056600852	18002
410020	72	-36.895623549662	175.316980148143	18002
410021	73	-36.8610141040903	175.303090198533	18002
410022	74	-36.8275023688998	175.285497017706	18002
410023	75	-36.7953417714513	175.26433840421	18002
410024	76	-36.7647752120568	175.239778526247	18002
410025	77	-36.7360332720718	175.212006581305	18002
410026	78	-36.709332521056	175.181235291267	18002
410027	79	-36.6848739340165	175.147699246157	18002
410028	80	-36.6628414288322	175.111653109978	18002
410029	81	-36.6434005330182	175.073369702341	18002
410030	82	-36.626697188034	175.033137969726	18002
410031	83	-36.6128566983817	174.991260860244	18002
410032	84	-36.6101666666667	174.982583333333	18002
410033	85	-36.5721055613103	174.949186036238	18002
410034	86	-36.5507286673489	174.924642295703	18002
410035	87	-36.5311455430222	174.897886011578	18002
410036	88	-36.5135038098815	174.869120466188	18002
410037	89	-36.4979363604181	174.83856363012	18002
410038	90	-36.4845603876648	174.806446533096	18002
410039	91	-36.4734765315871	174.773011552333	18002
410040	92	-36.4647681476462	174.738510629981	18002
410041	93	-36.4585007021003	174.703203431335	18002
410042	94	-36.4547212977913	174.667355455613	18002
410043	95	-36.4534583333333	174.631236111111	18002
410044	96	-36.4547212977913	174.59511676661	18002
410045	97	-36.4585007021003	174.559268790887	18002
410046	98	-36.4647681476462	174.523961592241	18002
410047	99	-36.4734765315871	174.489460669889	18002
410048	100	-36.4845603876648	174.456025689127	18002
410049	101	-36.4979363604181	174.423908592102	18002
410050	102	-36.5135038098815	174.393351756034	18002
410051	103	-36.5311455430222	174.364586210644	18002
410052	104	-36.5507286673489	174.337829926519	18002
410053	105	-36.5721055613103	174.313286185984	18002
410054	106	-36.5951149552962	174.291142047934	18002
410055	107	-36.6195831162666	174.271566917859	18002
410056	108	-36.6453251282577	174.254711234015	18002
410057	109	-36.6721462602687	174.24070528036	18002
410058	110	-36.6998434123067	174.229658136409	18002
410059	111	-36.7282066296839	174.22165677364	18002
410060	112	-36.7570206750144	174.216765307412	18002
410061	113	-36.786066646762	174.215024412581	18002
410062	114	-36.8151236326552	174.216450910096	18002
410063	115	-36.843970385811	174.221037530809	18002
410064	116	-36.8723870110221	174.228752861562	18002
410065	117	-36.9001566483459	174.239541477279	18002
410066	118	-36.9270671409276	174.253324261384	18002
410067	119	-36.9516361111111	174.269108333333	18002
410068	120	-36.9662305555556	174.046938888889	18002
410069	121	-36.9146750707552	174.027174702249	18002
410070	122	-36.8720307985963	174.015710050617	18002
410071	123	-36.8287491791597	174.00894511182	18002
410072	124	-36.7851603872791	174.006923485756	18002
410073	125	-36.7415963754843	174.009652479556	18002
410074	126	-36.6983883436196	174.017103298147	18002
410075	127	-36.6558642313024	174.029211505979	18002
410076	128	-36.6143462517396	174.045877749123	18002
410077	129	-36.5741484846147	174.066968725435	18002
410078	130	-36.5355745448664	174.092318389254	18002
410079	131	-36.4989153432065	174.12172937608	18002
410080	132	-36.4644469532017	174.154974632017	18002
410081	133	-36.4324285986742	174.191799232179	18002
410082	134	-36.4031007740795	174.231922371991	18002
410083	135	-36.3766835094033	174.275039515119	18002
410084	136	-36.3533747899985	174.320824681725	18002
410085	137	-36.3333491406531	174.368932860829	18002
410086	138	-36.3167563820605	174.419002530654	18002
410087	139	-36.3037205667464	174.470658271029	18002
410088	140	-36.2943391003985	174.523513452112	18002
410089	141	-36.2886820534485	174.577172983896	18002
410090	142	-36.2867916666667	174.631236111111	18002
410091	143	-36.2886820534485	174.685299238326	18002
410092	144	-36.2943391003985	174.73895877011	18002
410093	145	-36.3037205667464	174.791813951193	18002
410094	146	-36.3167563820605	174.843469691568	18002
410095	147	-36.3333491406531	174.893539361393	18002
410096	148	-36.3533747899985	174.941647540497	18002
410097	149	-36.3766835094033	174.987432707104	18002
410098	150	-36.4031007740795	175.030549850231	18002
410099	151	-36.4324285986742	175.070672990044	18002
410100	152	-36.4644469532017	175.107497590206	18002
410101	153	-36.4734166666667	175.115444444444	18002
410102	0	-38.5461111111111	175.651388888889	18003
410103	1	-38.9550833333333	175.577027777778	18003
410104	2	-38.9319722222222	175.372027777778	18003
410105	3	-38.9215277777778	175.313722222222	18003
410106	4	-39.2303055555556	174.915444444444	18003
410107	5	-39.00725	174.183944444444	18003
410108	6	-39.0303888888889	173.724166666667	18003
410109	7	-38.9751107429589	173.724758629101	18003
410110	8	-38.9441386606862	173.730205685661	18003
410111	9	-38.9136530351716	173.739096502105	18003
410112	10	-38.8838850975674	173.751359264721	18003
410113	11	-38.8550603501401	173.766896916945	18003
410114	12	-38.827396882565	173.785588008733	18003
410115	13	-38.8011037515176	173.807287715069	18003
410116	14	-38.7763794346783	173.831829013209	18003
410117	15	-38.7534103695374	173.859024007627	18003
410118	16	-38.7323695866352	173.888665391163	18003
410119	17	-38.7134154460823	173.920528030508	18003
410120	18	-38.6966904853978	173.954370663867	18003
410121	19	-38.6823203858764	173.989937698511	18003
410122	20	-38.6704130638615	174.026961095762	18003
410123	21	-38.6694722222222	174.031527777778	18003
410124	22	-38.5608055555556	174.054805555556	18003
410125	23	-37.6526111111111	174.338444444444	18003
410126	24	-37.6835883583267	174.413219618533	18003
410127	25	-37.7088580250602	174.489490450376	18003
410128	26	-37.7287205242808	174.568299049148	18003
410129	27	-37.7430202927323	174.649030140819	18003
410130	28	-37.7516452544165	174.731052083968	18003
410131	29	-37.7545277777778	174.813722222222	18003
410132	30	-37.7516452544165	174.896392360477	18003
410133	31	-37.7440277777778	174.975916666667	18003
410134	32	-37.8236111111111	174.973333333333	18003
410135	33	-38.114	175.017055555556	18003
410136	34	-38.1899166666667	175.034111111111	18003
410137	35	-38.5308333333333	174.996388888889	18003
410138	36	-38.585	175.321666666667	18003
410139	37	-38.5461111111111	175.651388888889	18003
410140	0	-37.2360555555556	176.158611111111	18004
410141	1	-37.2425595166638	176.094882871151	18004
410142	2	-37.2508510358891	176.047614513585	18004
410143	3	-37.262372197487	176.001420578679	18004
410144	4	-37.2770367774027	175.95664731809	18004
410145	5	-37.2947349704375	175.913630877389	18004
410146	6	-37.3153341728387	175.872694875597	18004
410147	7	-37.338679929741	175.834148055771	18004
410148	8	-37.3645970420113	175.798282021108	18004
410149	9	-37.3928908260374	175.76536907116	18004
410150	10	-37.4233485190007	175.735660152824	18004
410151	11	-37.4541944444444	175.711722222222	18004
410152	12	-37.658	175.527861111111	18004
410153	13	-37.51325	175.389388888889	18004
410154	14	-37.2566666666667	175.695277777778	18004
410155	15	-37.1377777777778	175.735972222222	18004
410156	16	-37.2360555555556	176.158611111111	18004
410157	0	-38.0615833333333	176.625055555556	18005
410158	1	-38.0859422807681	176.630413522854	18005
410159	2	-38.1077277718121	176.631716905673	18005
410160	3	-38.1295197616658	176.63060233432	18005
410161	4	-38.1511523349765	176.62707613795	18005
410162	5	-38.172460643306	176.62116305799	18005
410163	6	-38.1932821658391	176.612906123881	18005
410164	7	-38.2134579566809	176.602366386153	18005
410165	8	-38.2328338689517	176.589622506998	18005
410166	9	-38.251261745941	176.574770209703	18005
410167	10	-38.2686005697173	176.557921589628	18005
410168	11	-38.2847175578148	176.539204290684	18005
410169	12	-38.2994891989379	176.518760552617	18005
410170	13	-38.3128022190265	176.496746135715	18005
410171	14	-38.3245544695241	176.47332913083	18005
410172	15	-38.3346557302763	176.448688663876	18005
410173	16	-38.3430284201503	176.423013505121	18005
410174	17	-38.3496082092178	176.396500594687	18005
410175	18	-38.3529166666667	176.379527777778	18005
410176	19	-38.5161111111111	176.4235	18005
410177	20	-38.5232275736444	176.360411407298	18005
410178	21	-38.5248222222222	176.313994444444	18005
410179	22	-38.5232275736444	176.267577481591	18005
410180	23	-38.5184559751853	176.221519880479	18005
410181	24	-38.5105443680743	176.176178077588	18005
410182	25	-38.4995539866974	176.131902687265	18005
410183	26	-38.4855698605224	176.089035661207	18005
410184	27	-38.4687001235825	176.047907531416	18005
410185	28	-38.4490751381798	176.008834762519	18005
410186	29	-38.4268464412015	175.97211723774	18005
410187	30	-38.4021855230503	175.938035900893	18005
410188	31	-38.3752824506481	175.906850574606	18005
410189	32	-38.3463443472791	175.878797972536	18005
410190	33	-38.3155937431625	175.854089920828	18005
410191	34	-38.2832668115928	175.832911801351	18005
410192	35	-38.2522222222222	175.818055555556	18005
410193	36	-38.1438888888889	175.550277777778	18005
410194	37	-38.1491666666667	175.419305555556	18005
410195	38	-38.0218888888889	175.486861111111	18005
410196	39	-37.7905	175.561861111111	18005
410197	40	-37.658	175.527861111111	18005
410198	41	-37.4541944444444	175.711722222222	18005
410199	42	-37.3928908260374	175.76536907116	18005
410200	43	-37.3645970420113	175.798282021108	18005
410201	44	-37.338679929741	175.834148055771	18005
410202	45	-37.3153341728387	175.872694875597	18005
410203	46	-37.2947349704375	175.913630877389	18005
410204	47	-37.2770367774027	175.95664731809	18005
410205	48	-37.262372197487	176.001420578679	18005
410206	49	-37.2508510358891	176.047614513585	18005
410207	50	-37.2425595166638	176.094882871151	18005
410208	51	-37.2375596694387	176.142871770736	18005
410209	52	-37.2360555555556	176.158611111111	18005
410210	53	-37.4531388888889	176.174583333333	18005
410211	54	-37.4559635711475	176.142003639014	18005
410212	55	-37.4601994942057	176.117858767595	18005
410213	56	-37.4660849826172	176.094267380386	18005
410214	57	-37.4735756276607	176.071407632173	18005
410215	58	-37.482614893999	176.049452296893	18005
410216	59	-37.4931345357947	176.028567488978	18005
410217	60	-37.5050550996736	176.008911428764	18005
410218	61	-37.5182865111913	175.990633260479	18005
410219	62	-37.5327287408785	175.973871931118	18005
410220	63	-37.5482725453714	175.958755138295	18005
410221	64	-37.5648002785874	175.945398354897	18005
410222	65	-37.5821867673759	175.933903938025	18005
410223	66	-37.6003002455744	175.924360329328	18005
410224	67	-37.6190033399205	175.916841353403	18005
410225	68	-37.6381541008348	175.911405620408	18005
410226	69	-37.6576070706812	175.908096038471	18005
410227	70	-37.6772143817502	175.906939440838	18005
410228	71	-37.6830277777778	175.907805555556	18005
410229	72	-38.1547777777778	176.002638888889	18005
410230	73	-38.1932821658391	176.015082765008	18005
410231	74	-38.2134579566809	176.025622502736	18005
410232	75	-38.2328338689517	176.038366381891	18005
410233	76	-38.251261745941	176.053218679186	18005
410234	77	-38.2686005697173	176.070067299261	18005
410235	78	-38.2847175578148	176.088784598205	18005
410236	79	-38.2994891989379	176.109228336272	18005
410237	80	-38.3128022190265	176.131242753174	18005
410238	81	-38.3245544695241	176.154659758059	18005
410239	82	-38.3346557302763	176.179300225013	18005
410240	83	-38.3430284201503	176.204975383768	18005
410241	84	-38.3496082092178	176.231488294202	18005
410242	85	-38.3536666666667	176.252861111111	18005
410243	86	-38.2775555555556	176.305111111111	18005
410244	87	-38.2358888888889	176.3	18005
410245	88	-38.1564722222222	176.430444444444	18005
410246	89	-38.0864722222222	176.459194444444	18005
410247	90	-38.0615833333333	176.625055555556	18005
410248	0	-37.6223888888889	176.423583333333	18006
410249	1	-37.7230277777778	176.416444444444	18006
410250	2	-37.7181111111111	176.340444444444	18006
410251	3	-37.7141666666667	176.280972222222	18006
410252	4	-37.7162222222222	176.237416666667	18006
410253	5	-37.7244444444444	176.170333333333	18006
410254	6	-37.7038333333333	176.138611111111	18006
410255	7	-37.7057777777778	176.108333333333	18006
410256	8	-37.7026666666667	176.036666666667	18006
410257	9	-37.6993333333333	175.96275	18006
410258	10	-37.6116944444444	175.971694444444	18006
410259	11	-37.5494166666667	176.056777777778	18006
410260	12	-37.5773055555556	176.358888888889	18006
410261	13	-37.6223888888889	176.423583333333	18006
410262	0	-37.7021388888889	176.494888888889	18007
410263	1	-37.7716944444444	176.438305555556	18007
410264	2	-37.7941944444444	176.393055555556	18007
410265	3	-37.7715833333333	175.974833333333	18007
410266	4	-37.7456666666667	175.95875	18007
410267	5	-37.6993333333333	175.96275	18007
410268	6	-37.6116944444444	175.971694444444	18007
410269	7	-37.5948055555556	175.927083333333	18007
410270	8	-37.5645491441101	175.944852909647	18007
410271	9	-37.5479847426874	175.958239444165	18007
410272	10	-37.5324064603185	175.973389871939	18007
410273	11	-37.5179322025898	175.990188462246	18007
410274	12	-37.504671453642	176.008507233333	18007
410275	13	-37.4927244632523	176.028206929936	18007
410276	14	-37.4821815041154	176.049138077748	18007
410277	15	-37.4731222043759	176.07114210699	18007
410278	16	-37.4656149599111	176.094052536991	18007
410279	17	-37.4597164302983	176.117696213429	18007
410280	18	-37.4554711218155	176.141894589721	18007
410281	19	-37.4529110602341	176.166465043907	18007
410282	20	-37.4520555555556	176.191222222222	18007
410283	21	-37.4529110602341	176.215979400538	18007
410284	22	-37.4554711218155	176.240549854723	18007
410285	23	-37.4597164302983	176.264748231016	18007
410286	24	-37.4656149599111	176.288391907453	18007
410287	25	-37.4731222043759	176.311302337454	18007
410288	26	-37.4821815041154	176.333306366697	18007
410289	27	-37.4927244632523	176.354237514508	18007
410290	28	-37.504671453642	176.373937211111	18007
410291	29	-37.5179322025898	176.392255982198	18007
410292	30	-37.5324064603185	176.409054572506	18007
410293	31	-37.5479847426874	176.424205000279	18007
410294	32	-37.5645491441101	176.437591534798	18007
410295	33	-37.581974215094	176.449111589448	18007
410296	34	-37.600127898316	176.458676523223	18007
410297	35	-37.6080833333333	176.461416666667	18007
410298	36	-37.7021388888889	176.494888888889	18007
410299	0	-37.6980277777778	175.444222222222	18008
410300	1	-37.7635555555556	175.474666666667	18008
410301	2	-38.0101111111111	175.394944444444	18008
410302	3	-38.0528611111111	175.316166666667	18008
410303	4	-38.0314722222222	175.221833333333	18008
410304	5	-37.96825	175.190944444444	18008
410305	6	-37.7195277777778	175.272111111111	18008
410306	7	-37.6769166666667	175.351444444444	18008
410307	8	-37.6980277777778	175.444222222222	18008
410308	0	-36.9516361111111	174.269108333333	18009
410309	1	-36.9844805555556	174.293294444444	18009
410310	2	-37.0397086438314	174.293710091085	18009
410311	3	-37.0757721001091	174.299409817578	18009
410312	4	-37.1113012910865	174.30903451197	18009
410313	5	-37.146024891797	174.322516140227	18009
410314	6	-37.1796773590039	174.339756842435	18009
410315	7	-37.2120009899658	174.360629529933	18009
410316	8	-37.2360583333333	174.380466666667	18009
410317	9	-37.3001611111111	174.184241666667	18009
410318	10	-37.2492073233621	174.149557200541	18009
410319	11	-37.2020550754149	174.125521249798	18009
410320	12	-37.1534108869268	174.106763307484	18009
410321	13	-37.1036474503366	174.093416762814	18009
410322	14	-37.0531452860888	174.085572913407	18009
410323	15	-37.0314583333333	174.084861111111	18009
410324	16	-36.9662305555556	174.046938888889	18009
410325	17	-36.9516361111111	174.269108333333	18009
410326	0	-36.9662305555556	174.046938888889	18010
410327	1	-37.0314583333333	174.084861111111	18010
410328	2	-37.1036474503366	174.093416762814	18010
410329	3	-37.1534108869268	174.106763307484	18010
410330	4	-37.2020550754149	174.125521249798	18010
410331	5	-37.2492073233621	174.149557200541	18010
410332	6	-37.2945056755107	174.178696399799	18010
410333	7	-37.3001611111111	174.184241666667	18010
410334	8	-37.3638611111111	173.988761111111	18010
410335	9	-37.2577585892237	173.928234525892	18010
410336	10	-37.1951763709682	173.904267602944	18010
410337	11	-37.1311662182549	173.88727301276	18010
410338	12	-37.0769222222222	173.880069444444	18010
410339	13	-36.980925	173.833702777778	18010
410340	14	-36.9662305555556	174.046938888889	18010
410341	0	-36.980925	173.833702777778	18011
410342	1	-37.0769222222222	173.880069444444	18011
410343	2	-37.1951763709682	173.904267602944	18011
410344	3	-37.2577585892237	173.928234525892	18011
410345	4	-37.3184325163508	173.959006988126	18011
410346	5	-37.3638611111111	173.988761111111	18011
410347	6	-37.4266944444444	173.796188888889	18011
410348	7	-37.3131342892931	173.730656661981	18011
410349	8	-37.2365968405996	173.701548658837	18011
410350	9	-37.1583277882049	173.680980252369	18011
410351	10	-37.0789271034395	173.669082334958	18011
410352	11	-36.9990015215779	173.66591846768	18011
410353	12	-36.9852111111111	173.667083333333	18011
410354	13	-36.980925	173.833702777778	18011
410355	0	-37.51325	175.389388888889	18012
410356	1	-37.658	175.527861111111	18012
410357	2	-37.7905	175.561861111111	18012
410358	3	-38.0218888888889	175.486861111111	18012
410359	4	-38.1491666666667	175.419305555556	18012
410360	5	-38.1870277777778	175.210944444444	18012
410361	6	-38.0726111111111	175.113305555556	18012
410362	7	-37.9943333333333	175.154222222222	18012
410363	8	-37.9816944444444	175.148027777778	18012
410364	9	-37.9590833333333	175.078333333333	18012
410365	10	-37.6619166666667	175.124722222222	18012
410366	11	-37.5619444444444	175.158472222222	18012
410367	12	-37.5388055555556	175.235777777778	18012
410368	13	-37.51325	175.320805555556	18012
410369	14	-37.5130555555556	175.354166666667	18012
410370	15	-37.51325	175.389388888889	18012
410371	0	-37.3001666666667	174.18425	18013
410372	1	-37.3781635536549	174.251385423634	18013
410373	2	-37.4158780229029	174.294390256203	18013
410374	3	-37.4504536483297	174.341412226943	18013
410375	4	-37.4816227776471	174.392092705331	18013
410376	5	-37.5091438039124	174.446043233101	18013
410377	6	-37.5328031415536	174.502848558972	18013
410378	7	-37.5524169816388	174.562069938428	18013
410379	8	-37.5678328088014	174.623248669356	18013
410380	9	-37.5789306643962	174.685909830585	18013
410381	10	-37.5856241428871	174.749566187006	18013
410382	11	-37.5878611111111	174.813722222222	18013
410383	12	-37.5856241428871	174.877878257438	18013
410384	13	-37.5789306643962	174.941534613859	18013
410385	14	-37.5733611111111	174.9815	18013
410386	15	-37.7440277777778	174.975916666667	18013
410387	16	-37.7545277777778	174.813722222222	18013
410388	17	-37.7516452544165	174.731052083968	18013
410389	18	-37.7430202927323	174.649030140819	18013
410390	19	-37.7287205242808	174.568299049148	18013
410391	20	-37.7088580250602	174.489490450376	18013
410392	21	-37.6835883583267	174.413219618533	18013
410393	22	-37.6531092497903	174.340080290448	18013
410394	23	-37.6526111111111	174.338444444444	18013
410395	24	-37.5775140230155	174.205434104205	18013
410396	25	-37.5329874218887	174.14496413554	18013
410397	26	-37.4844254783198	174.089691204883	18013
410398	27	-37.4322052314916	174.04003380297	18013
410399	28	-37.3767312869955	173.996364437493	18013
410400	29	-37.3638611111111	173.988777777778	18013
410401	30	-37.3001666666667	174.18425	18013
410402	0	-37.5619444444444	175.158472222222	18014
410403	1	-37.6619166666667	175.124722222222	18014
410404	2	-37.9590833333333	175.078333333333	18014
410405	3	-37.9816944444444	175.148027777778	18014
410406	4	-37.9943333333333	175.154222222222	18014
410407	5	-38.0726111111111	175.113305555556	18014
410408	6	-38.1870277777778	175.210944444444	18014
410409	7	-38.1491666666667	175.419305555556	18014
410410	8	-38.21525	175.384083333333	18014
410411	9	-38.2661666666667	175.356944444444	18014
410412	10	-38.2644332138208	175.292359986947	18014
410413	11	-38.2596618666088	175.246466884067	18014
410414	12	-38.2517506696077	175.201286911162	18014
410415	13	-38.2407608445358	175.157169379937	18014
410416	14	-38.2267774036882	175.114454976738	18014
410417	15	-38.2099084599594	175.073473017129	18014
410418	16	-38.190284351209	175.034538809168	18014
410419	17	-38.1899166666667	175.034111111111	18014
410420	18	-38.114	175.017055555556	18014
410421	19	-37.8236111111111	174.973333333333	18014
410422	20	-37.5733611111111	174.9815	18014
410423	21	-37.5619444444444	175.158472222222	18014
410424	0	-38.7061666666667	174.613305555556	18015
410425	1	-39.0037222222222	174.697	18015
410426	2	-39.2067777777778	174.557888888889	18015
410427	3	-39.2592777777778	174.4715	18015
410428	4	-39.3095277777778	174.332777777778	18015
410429	5	-39.3063055555556	174.236333333333	18015
410430	6	-39.2966666666667	174.180694444444	18015
410431	7	-39.2499444444444	174.172694444444	18015
410432	8	-39.2591388888889	174.275333333333	18015
410433	9	-39.2155555555556	174.424111111111	18015
410434	10	-39.1527222222222	174.5215	18015
410435	11	-38.9945	174.632611111111	18015
410436	12	-38.9456261144317	174.627118393874	18015
410437	13	-38.9158486749675	174.618438494097	18015
410438	14	-38.8867719656871	174.606464651317	18015
410439	15	-38.8586162768067	174.591291553323	18015
410440	16	-38.8315946653111	174.573037730378	18015
410441	17	-38.8059113710229	174.551844563142	18015
410442	18	-38.7817603051901	174.527875134965	18015
410443	19	-38.7593236217837	174.50131293927	18015
410444	20	-38.7387703809569	174.472360453222	18015
410445	21	-38.7202553133541	174.441237589265	18015
410446	22	-38.7191388888889	174.440083333333	18015
410447	23	-38.7296666666667	174.034222222222	18015
410448	24	-38.7833611111111	173.824388888889	18015
410449	25	-38.7534103695374	173.859024007627	18015
410450	26	-38.7323695866352	173.888665391163	18015
410451	27	-38.7134154460823	173.920528030508	18015
410452	28	-38.6966904853978	173.954370663867	18015
410453	29	-38.6823203858764	173.989937698511	18015
410454	30	-38.6704130638615	174.026961095762	18015
410455	31	-38.6610578924542	174.065162330927	18015
410456	32	-38.6543250583434	174.104254415666	18015
410457	33	-38.6502650575882	174.143943970267	18015
410458	34	-38.6489083333333	174.183933333333	18015
410459	35	-38.6502650575882	174.2239226964	18015
410460	36	-38.6543250583434	174.263612251001	18015
410461	37	-38.6549444444444	174.278888888889	18015
410462	38	-38.7061666666667	174.613305555556	18015
410463	0	-39.2303055555556	174.915444444444	18016
410464	1	-39.6911944444444	174.918055555556	18016
410465	2	-39.7603059782641	174.809393903078	18016
410466	3	-39.7958888888889	174.767555555556	18016
410467	4	-40.6316111111111	174.875444444444	18016
410468	5	-40.9048333333333	174.305805555556	18016
410469	6	-39.7303611111111	174.529555555556	18016
410470	7	-39.5309444444444	174.411777777778	18016
410471	8	-39.4713888888889	174.210638888889	18016
410472	9	-39.2966666666667	174.180694444444	18016
410473	10	-39.2499444444444	174.172694444444	18016
410474	11	-39.18525	174.161722222222	18016
410475	12	-39.1566111111111	174.016944444444	18016
410476	13	-39.2019444444445	173.977611111111	18016
410477	14	-39.3106944444444	173.98275	18016
410478	15	-39.3976666666667	173.986	18016
410479	16	-39.5039166666667	174.044416666667	18016
410480	17	-39.5051111111111	173.904194444444	18016
410481	18	-39.3122777777778	173.893111111111	18016
410482	19	-39.1960555555556	173.792527777778	18016
410483	20	-39.1579319572086	173.765107468203	18016
410484	21	-39.1289953455487	173.74985774731	18016
410485	22	-39.0991366688228	173.737928534179	18016
410486	23	-39.0685841859499	173.729406751207	18016
410487	24	-39.0375711591745	173.724353000276	18016
410488	25	-39.0303888888889	173.724166666667	18016
410489	26	-39.00725	174.183944444444	18016
410490	27	-39.2303055555556	174.915444444444	18016
410491	0	-39.2395611111111	175.562666666667	18017
410492	1	-39.2403201857818	175.573877012902	18017
410493	2	-39.2425743941086	175.584747448402	18017
410494	3	-39.246255382538	175.594948305077	18017
410495	4	-39.2512515197806	175.604170099141	18017
410496	5	-39.2574112629818	175.612132878712	18017
410497	6	-39.2645477307266	175.618594700072	18017
410498	7	-39.272444347715	175.623358978649	18017
410499	8	-39.2808613936344	175.626280491476	18017
410500	9	-39.2895432610582	175.627269845277	18017
410501	10	-39.2982262049707	175.626296267768	18017
410502	11	-39.306646350516	175.623388628382	18017
410503	12	-39.3145477164082	175.61863464706	18017
410504	13	-39.3216900095479	175.612178304764	18017
410505	14	-39.3278559520074	175.604215525206	18017
410506	15	-39.3328579146497	175.5949882521	18017
410507	16	-39.3365436519901	175.584777098176	18017
410508	17	-39.3388009599492	175.57389278922	18017
410509	18	-39.3395611111111	175.562666666667	18017
410510	19	-39.3388009599492	175.551440544113	18017
410511	20	-39.3365436519901	175.540556235157	18017
410512	21	-39.3328579146497	175.530345081233	18017
410513	22	-39.3278559520074	175.521117808127	18017
410514	23	-39.3216900095479	175.513155028569	18017
410515	24	-39.3145477164082	175.506698686273	18017
410516	25	-39.306646350516	175.501944704951	18017
410517	26	-39.2982262049707	175.499037065566	18017
410518	27	-39.2895432610582	175.498063488057	18017
410519	28	-39.2808613936344	175.499052841857	18017
410520	29	-39.272444347715	175.501974354685	18017
410521	30	-39.2645477307266	175.506738633261	18017
410522	31	-39.2574112629818	175.513200454621	18017
410523	32	-39.2512515197806	175.521163234193	18017
410524	33	-39.246255382538	175.530385028256	18017
410525	34	-39.2425743941086	175.540585884931	18017
410526	35	-39.2403201857818	175.551456320431	18017
410527	36	-39.2395611111111	175.562666666667	18017
410528	0	-38.9638055555556	174.436	18018
410529	1	-39.0230555555556	174.397138888889	18018
410530	2	-39.05475	174.354527777778	18018
410531	3	-39.1310555555556	174.100138888889	18018
410532	4	-39.1359444444444	174.006638888889	18018
410533	5	-39.0957222222222	173.939083333333	18018
410534	6	-39.0469722222222	173.918055555556	18018
410535	7	-38.9453333333333	173.984944444444	18018
410536	8	-38.9237613338376	173.998405269557	18018
410537	9	-38.9115141107251	174.00847723553	18018
410538	10	-38.8999954394685	174.019879129587	18018
410539	11	-38.8892926087264	174.032523924776	18018
410540	12	-38.8794866869413	174.046315305973	18018
410541	13	-38.8706519170412	174.061148405088	18018
410542	14	-38.862855163054	174.076910596168	18018
410543	15	-38.8561554124974	174.093482344438	18018
410544	16	-38.850603337995	174.110738103078	18018
410545	17	-38.8462409211427	174.128547251309	18018
410546	18	-38.8431011412045	174.146775067172	18018
410547	19	-38.8412077307646	174.165283728232	18018
410548	20	-38.840575	174.183933333333	18018
410549	21	-38.8412077307646	174.202582938435	18018
410550	22	-38.8431011412045	174.221091599495	18018
410551	23	-38.8462409211427	174.239319415358	18018
410552	24	-38.850603337995	174.257128563589	18018
410553	25	-38.8536111111111	174.26675	18018
410554	26	-38.9123611111111	174.413583333333	18018
410555	27	-38.9638055555556	174.436	18018
410556	0	-40.0046944444444	178.535361111111	18019
410557	1	-42.2054166666667	175.886888888889	18019
410558	2	-41.81325	175.293861111111	18019
410559	3	-41.2805555555556	175.805138888889	18019
410560	4	-39.1522222222222	177.755222222222	18019
410561	5	-40.0046944444444	178.535361111111	18019
410562	0	-40.2585833333333	175.976916666667	18020
410563	1	-40.2964833058058	175.986149045765	18020
410564	2	-40.3197205736673	175.987599829819	18020
410565	3	-40.3429658422198	175.98638893367	18020
410566	4	-40.366042121762	175.982522836607	18020
410567	5	-40.3887735284738	175.976028298795	18020
410568	6	-40.4109866304566	175.966952239065	18020
410569	7	-40.4325117804196	175.955361454922	18020
410570	8	-40.4531844245065	175.941342184506	18020
410571	9	-40.4728463767841	175.924999511616	18020
410572	10	-40.4805277777778	175.916972222222	18020
410573	11	-40.6463888888889	175.705444444444	18020
410574	12	-40.62275	175.596194444444	18020
410575	13	-40.60975	175.533222222222	18020
410576	14	-40.6022222222222	175.496138888889	18020
410577	15	-40.7106944444444	175.272833333333	18020
410578	16	-40.6316111111111	174.996666666667	18020
410579	17	-40.6316111111111	174.875444444444	18020
410580	18	-39.7958888888889	174.767555555556	18020
410581	19	-39.7232342024072	174.862670980858	18020
410582	20	-39.6911944444444	174.918055555556	18020
410583	21	-39.6974166666667	175.3695	18020
410584	22	-39.8113888888889	175.445361111111	18020
410585	23	-39.8231568136743	175.526754604221	18020
410586	24	-39.8335915491768	175.57011398164	18020
410587	25	-39.8468732679895	175.612139687179	18020
410588	26	-39.862902507987	175.652516168728	18020
410589	27	-39.86775	175.662972222222	18020
410590	28	-39.9916944444444	175.727194444444	18020
410591	29	-40.0591111111111	175.779722222222	18020
410592	30	-40.2791111111111	175.756583333333	18020
410593	31	-40.1381944444444	175.660611111111	18020
410594	32	-40.0740833333333	175.665972222222	18020
410595	33	-40.0486390256106	175.642136631852	18020
410596	34	-40.0325992053009	175.622834073589	18020
410597	35	-40.0179047291999	175.601788075295	18020
410598	36	-40.0046665272716	175.579158581829	18020
410599	37	-39.9929844753183	175.555117185102	18020
410600	38	-39.9829466611083	175.529845837811	18020
410601	39	-39.9746287385173	175.5035354997	18020
410602	40	-39.9680933738765	175.476384725724	18020
410603	41	-39.9633897880945	175.448598205589	18020
410604	42	-39.9605533974808	175.42038526429	18020
410605	43	-39.9596055555556	175.391958333333	18020
410606	44	-39.9605533974808	175.363531402377	18020
410607	45	-39.9633897880945	175.335318461078	18020
410608	46	-39.9680933738765	175.307531940943	18020
410609	47	-39.9746287385173	175.280381166966	18020
410610	48	-39.9829466611083	175.254070828856	18020
410611	49	-39.9929844753183	175.228799481564	18020
410612	50	-40.0046665272716	175.204758084837	18020
410613	51	-40.0179047291999	175.182128591371	18020
410614	52	-40.0325992053009	175.161082593078	18020
410615	53	-40.0486390256106	175.141780034815	18020
410616	54	-40.0659030230776	175.124368004735	18020
410617	55	-40.0842606884269	175.108979610191	18020
410618	56	-40.1035731368165	175.095732947824	18020
410619	57	-40.123694139727	175.084730176123	18020
410620	58	-40.1444712149921	175.07605669829	18020
410621	59	-40.1657467673689	175.069780462776	18020
410622	60	-40.1873592715828	175.065951388219	18020
410623	61	-40.2091444893548	175.064600918871	18020
410624	62	-40.2309367115409	175.065741715799	18020
410625	63	-40.2408611111111	175.068111111111	18020
410626	64	-40.3908888888889	175.098472222222	18020
410627	65	-40.5482777777778	175.130444444444	18020
410628	66	-40.5482777777778	175.262833333333	18020
410629	67	-40.4760277777778	175.308555555556	18020
410630	68	-40.4270833333333	175.581305555556	18020
410631	69	-40.3648055555556	175.892666666667	18020
410632	70	-40.33738426942	175.89923158719	18020
410633	71	-40.3199509816706	175.900162274737	18020
410634	72	-40.302522194391	175.89909664892	18020
410635	73	-40.2852304949053	175.89604435411	18020
410636	74	-40.2699444444444	175.891277777778	18020
410637	75	-40.2585833333333	175.976916666667	18020
410638	0	-38.9572777777778	174.627861111111	18021
410639	1	-39.1298055555556	174.456472222222	18021
410640	2	-39.1663611111111	174.394222222222	18021
410641	3	-39.2045833333333	174.259388888889	18021
410642	4	-39.18525	174.161722222222	18021
410643	5	-39.1566111111111	174.016944444444	18021
410644	6	-39.1031944444444	173.8755	18021
410645	7	-39.0303888888889	173.724166666667	18021
410646	8	-38.9751107429589	173.724758629101	18021
410647	9	-38.9441386606862	173.730205685661	18021
410648	10	-38.9136530351716	173.739096502105	18021
410649	11	-38.8838850975674	173.751359264721	18021
410650	12	-38.8550603501401	173.766896916945	18021
410651	13	-38.827396882565	173.785588008733	18021
410652	14	-38.8011037515176	173.807287715069	18021
410653	15	-38.7833611111111	173.824388888889	18021
410654	16	-38.7296666666667	174.034222222222	18021
410655	17	-38.7191388888889	174.440083333333	18021
410656	18	-38.7387703809569	174.472360453222	18021
410657	19	-38.7593236217837	174.50131293927	18021
410658	20	-38.7817603051901	174.527875134965	18021
410659	21	-38.8059113710229	174.551844563142	18021
410660	22	-38.8315946653111	174.573037730378	18021
410661	23	-38.8586162768067	174.591291553323	18021
410662	24	-38.8867719656871	174.606464651317	18021
410663	25	-38.9158486749675	174.618438494097	18021
410664	26	-38.9456261144317	174.627118393874	18021
410665	27	-38.9572777777778	174.627861111111	18021
410666	0	-40.2858333333333	175.771527777778	18022
410667	1	-40.3275277777778	175.758944444444	18022
410668	2	-40.3437777777778	175.745527777778	18022
410669	3	-40.3701388888889	175.72375	18022
410670	4	-40.3690277777778	175.662027777778	18022
410671	5	-40.4270833333333	175.581305555556	18022
410672	6	-40.4760277777778	175.308555555556	18022
410673	7	-40.3911944444444	175.315083333333	18022
410674	8	-40.3732777777778	175.227944444444	18022
410675	9	-40.3908888888889	175.098472222222	18022
410676	10	-40.2408611111111	175.068111111111	18022
410677	11	-40.2091444893548	175.064600918871	18022
410678	12	-40.1873592715828	175.065951388219	18022
410679	13	-40.1657467673689	175.069780462776	18022
410680	14	-40.1444712149921	175.07605669829	18022
410681	15	-40.123694139727	175.084730176123	18022
410682	16	-40.1035731368165	175.095732947824	18022
410683	17	-40.0842606884269	175.108979610191	18022
410684	18	-40.0659030230776	175.124368004735	18022
410685	19	-40.0486390256106	175.141780034815	18022
410686	20	-40.0325992053009	175.161082593078	18022
410687	21	-40.0179047291999	175.182128591371	18022
410688	22	-40.0046665272716	175.204758084837	18022
410689	23	-39.9929844753183	175.228799481564	18022
410690	24	-39.9829466611083	175.254070828856	18022
410691	25	-39.9767777777778	175.272722222222	18022
410692	26	-40.0253333333333	175.36675	18022
410693	27	-40.1381944444444	175.660611111111	18022
410694	28	-40.2791111111111	175.756583333333	18022
410695	29	-40.2858333333333	175.771527777778	18022
410696	0	-40.2858333333333	175.771527777778	18023
410697	1	-40.3038888888889	175.806555555556	18023
410698	2	-40.3167222222222	175.816027777778	18023
410699	3	-40.3227777777778	175.811666666667	18023
410700	4	-40.3231388888889	175.785805555556	18023
410701	5	-40.3392222222222	175.775527777778	18023
410702	6	-40.3437777777778	175.745527777778	18023
410703	7	-40.3275277777778	175.758944444444	18023
410704	8	-40.2858333333333	175.771527777778	18023
410705	0	-40.3911944444444	175.315083333333	18024
410706	1	-40.4760277777778	175.308555555556	18024
410707	2	-40.5482777777778	175.262833333333	18024
410708	3	-40.5482777777778	175.130444444444	18024
410709	4	-40.3908888888889	175.098472222222	18024
410710	5	-40.3732777777778	175.227944444444	18024
410711	6	-40.3911944444444	175.315083333333	18024
410712	0	-40.0740833333333	175.665972222222	18025
410713	1	-40.1381944444444	175.660611111111	18025
410714	2	-40.0253333333333	175.36675	18025
410715	3	-39.9767777777778	175.272722222222	18025
410716	4	-39.9680933738765	175.307531940943	18025
410717	5	-39.9633897880945	175.335318461078	18025
410718	6	-39.9605533974808	175.363531402377	18025
410719	7	-39.9596055555556	175.391958333333	18025
410720	8	-39.9605533974808	175.42038526429	18025
410721	9	-39.9633897880945	175.448598205589	18025
410722	10	-39.9680933738765	175.476384725724	18025
410723	11	-39.9746287385173	175.5035354997	18025
410724	12	-39.9829466611083	175.529845837811	18025
410725	13	-39.9929844753183	175.555117185102	18025
410726	14	-40.0046665272716	175.579158581829	18025
410727	15	-40.0179047291999	175.601788075295	18025
410728	16	-40.0325992053009	175.622834073589	18025
410729	17	-40.0486390256106	175.642136631852	18025
410730	18	-40.0659030230776	175.659548661932	18025
410731	19	-40.0740833333333	175.665972222222	18025
410732	0	-40.2699444444444	175.891277777778	18026
410733	1	-40.302522194391	175.89909664892	18026
410734	2	-40.3199509816706	175.900162274737	18026
410735	3	-40.33738426942	175.89923158719	18026
410736	4	-40.3546893335788	175.896310130797	18026
410737	5	-40.3648055555556	175.892666666667	18026
410738	6	-40.4270833333333	175.581305555556	18026
410739	7	-40.3690277777778	175.662027777778	18026
410740	8	-40.3701388888889	175.72375	18026
410741	9	-40.3437777777778	175.745527777778	18026
410742	10	-40.3392222222222	175.775527777778	18026
410743	11	-40.3231388888889	175.785805555556	18026
410744	12	-40.3227777777778	175.811666666667	18026
410745	13	-40.3167222222222	175.816027777778	18026
410746	14	-40.3038888888889	175.806555555556	18026
410747	15	-40.2858333333333	175.771527777778	18026
410748	16	-40.2699444444444	175.891277777778	18026
410749	0	-40.6463888888889	175.705444444444	18027
410750	1	-40.676	175.65	18027
410751	2	-40.6860277777778	175.466944444444	18027
410752	3	-40.6698333333333	175.357111111111	18027
410753	4	-40.6022222222222	175.496138888889	18027
410754	5	-40.60975	175.533222222222	18027
410755	6	-40.62275	175.596194444444	18027
410756	7	-40.6463888888889	175.705444444444	18027
410757	0	-39.1566111111111	174.016944444444	18028
410758	1	-39.2019444444445	173.977611111111	18028
410759	2	-39.1960555555556	173.792527777778	18028
410760	3	-39.1579319572086	173.765107468203	18028
410761	4	-39.1289953455487	173.74985774731	18028
410762	5	-39.0991366688228	173.737928534179	18028
410763	6	-39.0685841859499	173.729406751207	18028
410764	7	-39.0375711591745	173.724353000276	18028
410765	8	-39.0303888888889	173.724166666667	18028
410766	9	-39.1031944444444	173.8755	18028
410767	10	-39.1566111111111	174.016944444444	18028
410768	0	-39.2019444444445	173.977611111111	18029
410769	1	-39.3106944444444	173.98275	18029
410770	2	-39.3122777777778	173.893111111111	18029
410771	3	-39.1960555555556	173.792527777778	18029
410772	4	-39.2019444444445	173.977611111111	18029
410773	0	-38.9945	174.632611111111	18030
410774	1	-39.1527222222222	174.5215	18030
410775	2	-39.2155555555556	174.424111111111	18030
410776	3	-39.2591388888889	174.275333333333	18030
410777	4	-39.2499444444444	174.172694444444	18030
410778	5	-39.18525	174.161722222222	18030
410779	6	-39.2045833333333	174.259388888889	18030
410780	7	-39.1663611111111	174.394222222222	18030
410781	8	-39.1298055555556	174.456472222222	18030
410782	9	-38.9572777777778	174.627861111111	18030
410783	10	-38.9945	174.632611111111	18030
410784	0	-40.1956666666667	176.225388888889	18031
410785	1	-40.2376499381368	176.239887241335	18031
410786	2	-40.2779753605724	176.24721173184	18031
410787	3	-40.3186343800016	176.249907720752	18031
410788	4	-40.3593178994662	176.247946354578	18031
410789	5	-40.399716077827	176.241334170953	18031
410790	6	-40.4395206919498	176.23011330452	18031
410791	7	-40.4784275035381	176.214361417781	18031
410792	8	-40.5161386121148	176.194191349636	18031
410793	9	-40.5523647752457	176.169750476698	18031
410794	10	-40.5868276768435	176.141219785151	18031
410795	11	-40.6002777777778	176.127166666667	18031
410796	12	-40.4805277777778	175.916972222222	18031
410797	13	-40.4531844245065	175.941342184506	18031
410798	14	-40.4325117804196	175.955361454922	18031
410799	15	-40.4109866304566	175.966952239065	18031
410800	16	-40.3887735284738	175.976028298795	18031
410801	17	-40.366042121762	175.982522836607	18031
410802	18	-40.3429658422198	175.98638893367	18031
410803	19	-40.3197205736673	175.987599829819	18031
410804	20	-40.2964833058058	175.986149045765	18031
410805	21	-40.2734307852655	175.982050349107	18031
410806	22	-40.2585833333333	175.976916666667	18031
410807	23	-40.2699444444444	175.891277777778	18031
410808	24	-40.2858333333333	175.771527777778	18031
410809	25	-40.2791111111111	175.756583333333	18031
410810	26	-40.0591111111111	175.779722222222	18031
410811	27	-39.9916944444444	175.727194444444	18031
410812	28	-39.86775	175.662972222222	18031
410813	29	-39.8468732679895	175.612139687179	18031
410814	30	-39.8335915491768	175.57011398164	18031
410815	31	-39.8231568136743	175.526754604221	18031
410816	32	-39.8156471639392	175.482386598344	18031
410817	33	-39.8113888888889	175.445361111111	18031
410818	34	-39.6974166666667	175.3695	18031
410819	35	-39.7155555555556	175.590333333333	18031
410820	36	-39.7409983401841	175.675920742158	18031
410821	37	-39.7616715058559	175.728015870897	18031
410822	38	-39.7857350163908	175.777603198928	18031
410823	39	-39.7886111111111	175.782305555556	18031
410824	40	-40.1735833333333	175.918527777778	18031
410825	41	-40.1968333333333	175.946833333333	18031
410826	42	-40.1956666666667	176.225388888889	18031
410827	0	-39.1524444444444	177.755222222222	18032
410828	1	-41.2805555555556	175.805138888889	18032
410829	2	-41.21875	175.45975	18032
410830	3	-41.1884444444444	175.314166666667	18032
410831	4	-40.9518888888889	175.282388888889	18032
410832	5	-40.7106944444444	175.272833333333	18032
410833	6	-40.6316111111111	174.996666666667	18032
410834	7	-40.6316111111111	174.923472222222	18032
410835	8	-39.6911944444444	174.918055555556	18032
410836	9	-39.2303055555556	174.915444444444	18032
410837	10	-38.9215277777778	175.313722222222	18032
410838	11	-38.9319722222222	175.372027777778	18032
410839	12	-38.9550833333333	175.577027777778	18032
410840	13	-38.9323333333333	175.875694444444	18032
410841	14	-39.0986944444444	176.327722222222	18032
410842	15	-39.0317054139032	176.413788763732	18032
410843	16	-39.0026779282933	176.462960019752	18032
410844	17	-38.9770678380883	176.515161706063	18032
410845	18	-38.9550662425708	176.570001294924	18032
410846	19	-38.9368371537602	176.627067786801	18032
410847	20	-38.9225163488464	176.685934646737	18032
410848	21	-38.9122104233046	176.74616281892	18032
410849	22	-38.9063055555556	176.795277777778	18032
410850	23	-38.9285277777778	177.437444444444	18032
410851	24	-39.0382194444444	177.527738888889	18032
410852	25	-39.1524444444444	177.755222222222	18032
410853	0	-39.2395666666667	175.562666666667	18033
410854	1	-39.2403257413373	175.57387701379	18033
410855	2	-39.2425799496638	175.584747450151	18033
410856	3	-39.2462609380927	175.594948307634	18033
410857	4	-39.2512570753347	175.604170102429	18033
410858	5	-39.2574168185353	175.612132882632	18033
410859	6	-39.2645532862795	175.618594704505	18033
410860	7	-39.2724499032674	175.623358983461	18033
410861	8	-39.2808669491865	175.626280496522	18033
410862	9	-39.2895488166102	175.627269850402	18033
410863	10	-39.2982317605228	175.626296272817	18033
410864	11	-39.3066519060685	175.623388633203	18033
410865	12	-39.3145532719611	175.618634651504	18033
410866	13	-39.3216955651014	175.612178308696	18033
410867	14	-39.3278615075615	175.604215528507	18033
410868	15	-39.3328634702044	175.594988254669	18033
410869	16	-39.3365492075452	175.584777099933	18033
410870	17	-39.3388065155047	175.573892790112	18033
410871	18	-39.3395666666667	175.562666666667	18033
410872	19	-39.3388065155047	175.551440543221	18033
410873	20	-39.3365492075452	175.5405562334	18033
410874	21	-39.3328634702044	175.530345078665	18033
410875	22	-39.3278615075615	175.521117804826	18033
410876	23	-39.3216955651014	175.513155024637	18033
410877	24	-39.3145532719611	175.506698681829	18033
410878	25	-39.3066519060685	175.501944700131	18033
410879	26	-39.2982317605228	175.499037060516	18033
410880	27	-39.2895488166102	175.498063482931	18033
410881	28	-39.2808669491865	175.499052836812	18033
410882	29	-39.2724499032674	175.501974349873	18033
410883	30	-39.2645532862795	175.506738628828	18033
410884	31	-39.2574168185353	175.513200450701	18033
410885	32	-39.2512570753347	175.521163230904	18033
410886	33	-39.2462609380927	175.530385025699	18033
410887	34	-39.2425799496638	175.540585883182	18033
410888	35	-39.2403257413373	175.551456319543	18033
410889	36	-39.2395666666667	175.562666666667	18033
410890	0	-38.9319722222222	175.372027777778	18034
410891	1	-39.4665277777778	175.4265	18034
410892	2	-39.4664722222222	175.568944444444	18034
410893	3	-39.7155555555556	175.590333333333	18034
410894	4	-39.6974166666667	175.3695	18034
410895	5	-39.6911944444444	174.918055555556	18034
410896	6	-39.2303055555556	174.915444444444	18034
410897	7	-38.9215277777778	175.313722222222	18034
410898	8	-38.9319722222222	175.372027777778	18034
410899	0	-39.5969055555556	176.296666666667	18035
410900	1	-39.6628861111111	176.260361111111	18035
410901	2	-39.7465916666667	176.214263888889	18035
410902	3	-39.7063944444444	176.190933333333	18035
410903	4	-39.6302722222222	176.189741666667	18035
410904	5	-39.5969055555556	176.296666666667	18035
410905	0	-39.0810277777778	176.849272222222	18036
410906	1	-39.1249916666667	176.907638888889	18036
410907	2	-39.1931055555556	176.653625	18036
410908	3	-39.2681888888889	176.576152777778	18036
410909	4	-39.3087888888889	176.624525	18036
410910	5	-39.4458527777778	176.540713888889	18036
410911	6	-39.3440805555556	176.464097222222	18036
410912	7	-39.2481138888889	176.485044444444	18036
410913	8	-39.152025	176.585275	18036
410914	9	-39.0810277777778	176.849272222222	18036
410915	0	-39.0810277777778	176.849272222222	18037
410916	1	-39.152025	176.585275	18037
410917	2	-39.2481138888889	176.485044444444	18037
410918	3	-39.0986944444444	176.327722222222	18037
410919	4	-39.0317054139032	176.413788763732	18037
410920	5	-39.0026779282933	176.462960019752	18037
410921	6	-38.9770678380883	176.515161706063	18037
410922	7	-38.9550662425708	176.570001294924	18037
410923	8	-38.9368371537602	176.627067786801	18037
410924	9	-38.9225163488464	176.685934646737	18037
410925	10	-38.9122104233046	176.74616281892	18037
410926	11	-38.9063055555556	176.795277777778	18037
410927	12	-39.0810277777778	176.849272222222	18037
410928	0	-38.5194055555556	178.095913888889	18038
410929	1	-38.6823305555556	178.158544444444	18038
410930	2	-38.7408666666667	178.178669444444	18038
410931	3	-38.8060277777778	178.189602777778	18038
410932	4	-38.932475	178.082702777778	18038
410933	5	-38.9052	177.976580555556	18038
410934	6	-38.8665138888889	177.884488888889	18038
410935	7	-38.7237	177.8089	18038
410936	8	-38.5577333333333	177.754841666667	18038
410937	9	-38.5011055555556	177.780997222222	18038
410938	10	-38.4494083333333	177.844652777778	18038
410939	11	-38.4294166666667	177.942447222222	18038
410940	12	-38.4516888888889	178.009211111111	18038
410941	13	-38.5194055555556	178.095913888889	18038
410942	0	-38.486175	178.488366666667	18039
410943	1	-38.6581388888889	178.511447222222	18039
410944	2	-39.1374555555556	178.270705555556	18039
410945	3	-39.2069583333333	178.098041666667	18039
410946	4	-39.12565	177.814647222222	18039
410947	5	-38.9308916666667	177.669558333333	18039
410948	6	-38.8300527777778	177.636125	18039
410949	7	-38.6958666666667	177.708	18039
410950	8	-38.5656694444444	177.665447222222	18039
410951	9	-38.4672611111111	177.708830555556	18039
410952	10	-38.3049027777778	177.903780555556	18039
410953	11	-38.486175	178.488366666667	18039
410954	0	-38.3049027777778	177.903780555556	18040
410955	1	-38.4672611111111	177.708830555556	18040
410956	2	-38.5656694444444	177.665447222222	18040
410957	3	-38.6958666666667	177.708	18040
410958	4	-38.8300527777778	177.636125	18040
410959	5	-38.5402444444444	177.540011111111	18040
410960	6	-38.4229611111111	177.592505555556	18040
410961	7	-38.2753388888889	177.773361111111	18040
410962	8	-38.2895416666667	177.852902777778	18040
410963	9	-38.3049027777778	177.903780555556	18040
410964	0	-38.8300527777778	177.636125	18041
410965	1	-38.9308916666667	177.669558333333	18041
410966	2	-39.12565	177.814647222222	18041
410967	3	-39.1522222222222	177.755222222222	18041
410968	4	-39.0382194444444	177.527738888889	18041
410969	5	-38.9285277777778	177.437444444444	18041
410970	6	-38.8300527777778	177.636125	18041
410971	0	-37.6084722222222	176.761666666667	18042
410972	1	-37.8787777777778	176.670583333333	18042
410973	2	-37.9748611111111	176.594527777778	18042
410974	3	-38.0615833333333	176.625055555556	18042
410975	4	-38.0864722222222	176.459194444444	18042
410976	5	-38.1564722222222	176.430444444444	18042
410977	6	-38.2358888888889	176.3	18042
410978	7	-38.2775555555556	176.305111111111	18042
410979	8	-38.3536666666667	176.252861111111	18042
410980	9	-38.3430284201503	176.204975383768	18042
410981	10	-38.3346557302763	176.179300225013	18042
410982	11	-38.3245544695241	176.154659758059	18042
410983	12	-38.3128022190265	176.131242753174	18042
410984	13	-38.2994891989379	176.109228336272	18042
410985	14	-38.2847175578148	176.088784598205	18042
410986	15	-38.2686005697173	176.070067299261	18042
410987	16	-38.251261745941	176.053218679186	18042
410988	17	-38.2328338689517	176.038366381891	18042
410989	18	-38.2134579566809	176.025622502736	18042
410990	19	-38.1932821658391	176.015082765008	18042
410991	20	-38.172460643306	176.006825830899	18042
410992	21	-38.1547777777778	176.002638888889	18042
410993	22	-38.0341666666667	175.977333333333	18042
410994	23	-37.6830277777778	175.907805555556	18042
410995	24	-37.6576070706812	175.908096038471	18042
410996	25	-37.6381541008348	175.911405620408	18042
410997	26	-37.6190033399205	175.916841353403	18042
410998	27	-37.6003002455744	175.924360329328	18042
410999	28	-37.5948055555556	175.927083333333	18042
411000	29	-37.6116944444444	175.971694444444	18042
411001	30	-37.6993333333333	175.96275	18042
411002	31	-37.7456666666667	175.95875	18042
411003	32	-37.7715833333333	175.974833333333	18042
411004	33	-37.7941944444444	176.393055555556	18042
411005	34	-37.7716944444444	176.438305555556	18042
411006	35	-37.7021388888889	176.494888888889	18042
411007	36	-37.6080833333333	176.461416666667	18042
411008	37	-37.5821867673759	176.44854050642	18042
411009	38	-37.5648002785874	176.437046089548	18042
411010	39	-37.5482725453714	176.423689306149	18042
411011	40	-37.5327287408785	176.408572513326	18042
411012	41	-37.5182865111913	176.391811183965	18042
411013	42	-37.5050550996736	176.373533015681	18042
411014	43	-37.4931345357947	176.353876955467	18042
411015	44	-37.482614893999	176.332992147551	18042
411016	45	-37.4735756276607	176.311036812272	18042
411017	46	-37.4660849826172	176.288177064058	18042
411018	47	-37.4601994942057	176.264585676849	18042
411019	48	-37.4559635711475	176.240440805431	18042
411020	49	-37.4534091690331	176.215924671359	18042
411021	50	-37.4525555555555	176.191222222222	18042
411022	51	-37.4531388888889	176.174583333333	18042
411023	52	-37.2360555555556	176.158611111111	18042
411024	53	-37.4179444444444	176.554916666667	18042
411025	54	-37.6084722222222	176.761666666667	18042
411026	0	-39.9721222222222	176.717852777778	18043
411027	1	-40.0379361111111	176.682366666667	18043
411028	2	-39.9653138888889	176.462552777778	18043
411029	3	-39.8563805555556	176.292027777778	18043
411030	4	-39.7465916666667	176.214263888889	18043
411031	5	-39.6628861111111	176.260361111111	18043
411032	6	-39.8125305555556	176.390877777778	18043
411033	7	-39.8949527777778	176.519247222222	18043
411034	8	-39.9721222222222	176.717852777778	18043
411035	0	-39.3733944444444	177.392236111111	18044
411036	1	-39.4854138888889	177.411972222222	18044
411037	2	-39.6163805555556	177.338413888889	18044
411038	3	-39.6035611111111	177.071922222222	18044
411039	4	-39.6720972222222	177.004175	18044
411040	5	-39.6710666666667	176.921236111111	18044
411041	6	-39.6986083333333	176.816002777778	18044
411042	7	-39.6648138888889	176.710541666667	18044
411043	8	-39.5976638888889	176.646466666667	18044
411044	9	-39.5268694444444	176.627013888889	18044
411045	10	-39.3318555555556	176.689538888889	18044
411046	11	-39.2934027777778	176.731636111111	18044
411047	12	-39.2122777777778	177.026591666667	18044
411048	13	-39.2952416666667	177.134791666667	18044
411049	14	-39.3006416666667	177.269211111111	18044
411050	15	-39.3733944444444	177.392236111111	18044
411051	0	-39.1708277777778	176.968238888889	18045
411052	1	-39.2122777777778	177.026591666667	18045
411053	2	-39.2934027777778	176.731636111111	18045
411054	3	-39.3318555555556	176.689538888889	18045
411055	4	-39.5268694444444	176.627013888889	18045
411056	5	-39.5976638888889	176.646466666667	18045
411057	6	-39.6648138888889	176.710541666667	18045
411058	7	-39.6986083333333	176.816002777778	18045
411059	8	-39.7755638888889	176.775486111111	18045
411060	9	-39.7516972222222	176.699541666667	18045
411061	10	-39.7601638888889	176.632280555556	18045
411062	11	-39.7763777777778	176.503508333333	18045
411063	12	-39.7525472222222	176.461905555556	18045
411064	13	-39.6723861111111	176.433125	18045
411065	14	-39.5575527777778	176.421152777778	18045
411066	15	-39.4458527777778	176.540713888889	18045
411067	16	-39.3087888888889	176.624525	18045
411068	17	-39.2501944444444	176.682416666667	18045
411069	18	-39.1708277777778	176.968238888889	18045
411070	0	-39.1249916666667	176.907638888889	18046
411071	1	-39.1708277777778	176.968238888889	18046
411072	2	-39.2501944444444	176.682416666667	18046
411073	3	-39.3087888888889	176.624525	18046
411074	4	-39.2681888888889	176.576152777778	18046
411075	5	-39.1931055555556	176.653625	18046
411076	6	-39.1249916666667	176.907638888889	18046
411077	0	-39.3156472222222	177.009888888889	18047
411078	1	-39.3300660758177	177.02888004684	18047
411079	2	-39.3413028537936	177.042242119731	18047
411080	3	-39.3533962991959	177.054291344413	18047
411081	4	-39.3662547940364	177.064935735826	18047
411082	5	-39.3797808726293	177.074093816027	18047
411083	6	-39.3938719513724	177.081695248114	18047
411084	7	-39.4084210985769	177.087681390543	18047
411085	8	-39.4233178388197	177.092005767073	18047
411086	9	-39.4384489859862	177.094634448059	18047
411087	10	-39.4536994989045	177.095546339388	18047
411088	11	-39.4689533532403	177.094733375925	18047
411089	12	-39.4840944231367	177.092200617028	18047
411090	13	-39.4990073659375	177.087966242351	18047
411091	14	-39.513578503241	177.082061446942	18047
411092	15	-39.5276966914904	177.074530235386	18047
411093	16	-39.5339388888889	177.070236111111	18047
411094	17	-39.5673166666667	177.016475	18047
411095	18	-39.4768861111111	177.026116666667	18047
411096	19	-39.3156472222222	177.009888888889	18047
411097	0	-39.3455388888889	176.759811111111	18048
411098	1	-39.4989888888889	176.753663888889	18048
411099	2	-39.5558055555556	176.746916666667	18048
411100	3	-39.5878361111111	176.761305555556	18048
411101	4	-39.6058361111111	176.775388888889	18048
411102	5	-39.6123902848296	176.794020672206	18048
411103	6	-39.6168251994157	176.812233149387	18048
411104	7	-39.6200175026221	176.830879954933	18048
411105	8	-39.6219427259194	176.849818216008	18048
411106	9	-39.6225861111111	176.868902777778	18048
411107	10	-39.6219427259194	176.887987339548	18048
411108	11	-39.6200175026221	176.906925600622	18048
411109	12	-39.6169527777778	176.922794444444	18048
411110	13	-39.6317027777778	176.913972222222	18048
411111	14	-39.6485166666667	176.920755555556	18048
411112	15	-39.6388611111111	176.774386111111	18048
411113	16	-39.5933944444444	176.72715	18048
411114	17	-39.5545222222222	176.706388888889	18048
411115	18	-39.3632888888889	176.730488888889	18048
411116	19	-39.3455388888889	176.759811111111	18048
411117	0	-38.486175	178.488366666667	18049
411118	1	-38.6581388888889	178.511447222222	18049
411119	2	-39.1374555555556	178.270705555556	18049
411120	3	-39.2069583333333	178.098041666667	18049
411121	4	-39.12565	177.814647222222	18049
411122	5	-39.1522222222222	177.755222222222	18049
411123	6	-39.0382194444444	177.527738888889	18049
411124	7	-38.9285277777778	177.437444444444	18049
411125	8	-38.9063055555556	176.795277777778	18049
411126	9	-38.9225163488464	176.685934646737	18049
411127	10	-38.9368371537602	176.627067786801	18049
411128	11	-38.9550662425708	176.570001294924	18049
411129	12	-38.9770678380883	176.515161706063	18049
411130	13	-39.0026779282933	176.462960019752	18049
411131	14	-39.0317054139032	176.413788763732	18049
411132	15	-39.0639334507	176.36801915241	18049
411133	16	-39.0986944444444	176.327722222222	18049
411134	17	-38.9323333333333	175.875694444444	18049
411135	18	-38.9550833333333	175.577027777778	18049
411136	19	-37.9358333333333	175.760833333333	18049
411137	20	-37.658	175.527861111111	18049
411138	21	-37.51325	175.389388888889	18049
411139	22	-37.2566666666667	175.695277777778	18049
411140	23	-37.1951763709682	175.723176841501	18049
411141	24	-37.1311662182549	175.740171431685	18049
411142	25	-37.0662182053011	175.750081429207	18049
411143	26	-37.0008283126016	175.752849428248	18049
411144	27	-36.9765833333333	175.749805555556	18049
411145	28	-37.1788888888889	176.890305555556	18049
411146	29	-37.4186954411642	176.840858944075	18049
411147	30	-37.5582376835357	176.789471431645	18049
411148	31	-37.6084722222222	176.761666666667	18049
411149	32	-37.7773333333333	177.038027777778	18049
411150	33	-38.2753388888889	177.773361111111	18049
411151	34	-38.2895416666667	177.852902777778	18049
411152	35	-38.3049027777778	177.903780555556	18049
411153	36	-38.486175	178.488366666667	18049
411154	0	-38.2753388888889	177.773361111111	18050
411155	1	-38.4229611111111	177.592505555556	18050
411156	2	-38.5402444444444	177.540011111111	18050
411157	3	-38.8300527777778	177.636125	18050
411158	4	-38.9285277777778	177.437444444444	18050
411159	5	-38.9063055555556	176.795277777778	18050
411160	6	-38.9225163488464	176.685934646737	18050
411161	7	-38.9368371537602	176.627067786801	18050
411162	8	-38.9550662425708	176.570001294924	18050
411163	9	-38.9770678380883	176.515161706063	18050
411164	10	-39.0026779282933	176.462960019752	18050
411165	11	-39.0317054139032	176.413788763732	18050
411166	12	-39.0639334507	176.36801915241	18050
411167	13	-39.0986944444444	176.327722222222	18050
411168	14	-38.9323333333333	175.875694444444	18050
411169	15	-38.9550833333333	175.577027777778	18050
411170	16	-38.5461111111111	175.651388888889	18050
411171	17	-38.585	175.321666666667	18050
411172	18	-38.5308333333333	174.996388888889	18050
411173	19	-38.1899166666667	175.034111111111	18050
411174	20	-38.2099084599594	175.073473017129	18050
411175	21	-38.2267774036882	175.114454976738	18050
411176	22	-38.2407608445358	175.157169379937	18050
411177	23	-38.2517506696077	175.201286911162	18050
411178	24	-38.2596618666088	175.246466884067	18050
411179	25	-38.2644332138208	175.292359986947	18050
411180	26	-38.2660277777778	175.338611111111	18050
411181	27	-38.2661666666667	175.356944444444	18050
411182	28	-38.21525	175.384083333333	18050
411183	29	-38.1491666666667	175.419305555556	18050
411184	30	-38.1438888888889	175.550277777778	18050
411185	31	-38.2522222222222	175.818055555556	18050
411186	32	-38.3155937431625	175.854089920828	18050
411187	33	-38.3463443472791	175.878797972536	18050
411188	34	-38.3752824506481	175.906850574606	18050
411189	35	-38.4021855230503	175.938035900893	18050
411190	36	-38.4268464412015	175.97211723774	18050
411191	37	-38.4490751381798	176.008834762519	18050
411192	38	-38.4687001235825	176.047907531416	18050
411193	39	-38.4855698605224	176.089035661207	18050
411194	40	-38.4995539866974	176.131902687265	18050
411195	41	-38.5105443680743	176.176178077588	18050
411196	42	-38.5184559751853	176.221519880479	18050
411197	43	-38.5232275736444	176.267577481591	18050
411198	44	-38.5248222222222	176.313994444444	18050
411199	45	-38.5232275736444	176.360411407298	18050
411200	46	-38.5184559751853	176.40646900841	18050
411201	47	-38.5161111111111	176.4235	18050
411202	48	-38.3529166666667	176.379527777778	18050
411203	49	-38.3430284201503	176.423013505121	18050
411204	50	-38.3346557302763	176.448688663876	18050
411205	51	-38.3245544695241	176.47332913083	18050
411206	52	-38.3128022190265	176.496746135715	18050
411207	53	-38.2994891989379	176.518760552617	18050
411208	54	-38.2847175578148	176.539204290684	18050
411209	55	-38.2686005697173	176.557921589628	18050
411210	56	-38.251261745941	176.574770209703	18050
411211	57	-38.2328338689517	176.589622506998	18050
411212	58	-38.2134579566809	176.602366386153	18050
411213	59	-38.1932821658391	176.612906123881	18050
411214	60	-38.172460643306	176.62116305799	18050
411215	61	-38.1511523349765	176.62707613795	18050
411216	62	-38.1295197616658	176.63060233432	18050
411217	63	-38.1077277718121	176.631716905673	18050
411218	64	-38.0859422807681	176.630413522854	18050
411219	65	-38.0643290064405	176.626704251602	18050
411220	66	-38.0615833333333	176.625055555556	18050
411221	67	-37.9748611111111	176.594527777778	18050
411222	68	-37.8787777777778	176.670583333333	18050
411223	69	-37.6084722222222	176.761666666667	18050
411224	70	-37.7773333333333	177.038027777778	18050
411225	71	-38.2753388888889	177.773361111111	18050
411226	0	-38.45	-179.733333333333	18051
411227	1	-40.0046944444444	178.535361111111	18051
411228	2	-39.1522222222222	177.755222222222	18051
411229	3	-39.12565	177.814647222222	18051
411230	4	-39.2069583333333	178.098041666667	18051
411231	5	-39.1374555555556	178.270705555556	18051
411232	6	-38.6581388888889	178.511447222222	18051
411233	7	-38.486175	178.488366666667	18051
411234	8	-38.3049027777778	177.903780555556	18051
411235	9	-38.2895416666667	177.852902777778	18051
411236	10	-38.2753388888889	177.773361111111	18051
411237	11	-37.7773333333333	177.038027777778	18051
411238	12	-37.6084722222222	176.761666666667	18051
411239	13	-37.4186954411642	176.840858944075	18051
411240	14	-37.2761183641028	176.876579797155	18051
411241	15	-37.1788888888889	176.890305555556	18051
411242	16	-37.5415277777778	178.935805555556	18051
411243	17	-38.45	-179.733333333333	18051
411244	0	-39.7286138888889	176.999322222222	18052
411245	1	-39.8306527777778	176.989822222222	18052
411246	2	-39.8970055555556	176.756602777778	18052
411247	3	-39.8914861111111	176.70455	18052
411248	4	-39.7763777777778	176.503508333333	18052
411249	5	-39.7601638888889	176.632280555556	18052
411250	6	-39.7516972222222	176.699541666667	18052
411251	7	-39.7755638888889	176.775486111111	18052
411252	8	-39.7824777777778	176.797519444444	18052
411253	9	-39.7286138888889	176.999322222222	18052
411254	0	-39.8970055555556	176.756602777778	18053
411255	1	-39.9721222222222	176.717852777778	18053
411256	2	-39.8949527777778	176.519247222222	18053
411257	3	-39.8125305555556	176.390877777778	18053
411258	4	-39.6628861111111	176.260361111111	18053
411259	5	-39.5969055555556	176.296666666667	18053
411260	6	-39.5575527777778	176.421152777778	18053
411261	7	-39.6723861111111	176.433125	18053
411262	8	-39.7525472222222	176.461905555556	18053
411263	9	-39.7763777777778	176.503508333333	18053
411264	10	-39.8914861111111	176.70455	18053
411265	11	-39.8970055555556	176.756602777778	18053
411266	0	-39.6720972222222	177.004175	18054
411267	1	-39.7286138888889	176.999322222222	18054
411268	2	-39.7824777777778	176.797519444444	18054
411269	3	-39.7755638888889	176.775486111111	18054
411270	4	-39.6986083333333	176.816002777778	18054
411271	5	-39.6710666666667	176.921236111111	18054
411272	6	-39.6720972222222	177.004175	18054
411273	0	-41.1579722222222	173.398194444444	18055
411274	1	-41.2046111111111	173.335111111111	18055
411275	2	-41.1944211006484	173.317930390707	18055
411276	3	-41.1881820655261	173.304884779378	18055
411277	4	-41.1828207911481	173.291168522256	18055
411278	5	-41.178377859976	173.276885595861	18055
411279	6	-41.1748868955331	173.262144194522	18055
411280	7	-41.1723743122241	173.247055922287	18055
411281	8	-41.1708591189358	173.231734961273	18055
411282	9	-41.1703527777778	173.216297222222	18055
411283	10	-41.1708591189358	173.200859483171	18055
411284	11	-41.17125	173.196638888889	18055
411285	12	-41.1040555555556	173.203638888889	18055
411286	13	-41.1044448519006	173.239430370123	18055
411287	14	-41.1067153521616	173.262389058175	18055
411288	15	-41.1104804875548	173.28500010638	18055
411289	16	-41.1157118571851	173.307092886117	18055
411290	17	-41.1223699921506	173.328500575032	18055
411291	18	-41.1304046455991	173.349061387035	18055
411292	19	-41.1397551623895	173.368619769227	18055
411293	20	-41.1503509259174	173.387027557662	18055
411294	21	-41.1579722222222	173.398194444444	18055
411295	0	-41.1040555555556	173.203638888889	18056
411296	1	-41.17125	173.196638888889	18056
411297	2	-41.2820277777778	173.127027777778	18056
411298	3	-41.3395555555556	173.078194444444	18056
411299	4	-41.3570277777778	173.032805555556	18056
411300	5	-41.3890277777778	173.047666666667	18056
411301	6	-41.4229722222222	173.091416666667	18056
411302	7	-41.4645	173.025194444444	18056
411303	8	-41.4430833333333	172.985194444444	18056
411304	9	-41.4174444444444	172.963805555556	18056
411305	10	-41.2967777777778	172.965083333333	18056
411306	11	-41.3014444444444	173.034527777778	18056
411307	12	-41.231	173.083194444444	18056
411308	13	-41.1913888888889	173.083083333333	18056
411309	14	-41.1306666666667	173.082888888889	18056
411310	15	-41.1223699921506	173.104093869412	18056
411311	16	-41.1157118571851	173.125501558327	18056
411312	17	-41.1104804875548	173.147594338064	18056
411313	18	-41.1067153521616	173.170205386269	18056
411314	19	-41.1044448519006	173.193164074321	18056
411315	20	-41.1040555555556	173.203638888889	18056
411316	0	-41.09675	173.439666666667	18057
411317	1	-41.1579722222222	173.398194444444	18057
411318	2	-41.1397551623895	173.368619769227	18057
411319	3	-41.1304046455991	173.349061387035	18057
411320	4	-41.1223699921506	173.328500575032	18057
411321	5	-41.1157118571851	173.307092886117	18057
411322	6	-41.1104804875548	173.28500010638	18057
411323	7	-41.1067153521616	173.262389058175	18057
411324	8	-41.1044448519006	173.239430370123	18057
411325	9	-41.1036861111111	173.216297222222	18057
411326	10	-41.1044448519006	173.193164074321	18057
411327	11	-41.1067153521616	173.170205386269	18057
411328	12	-41.1104804875548	173.147594338064	18057
411329	13	-41.1157118571851	173.125501558327	18057
411330	14	-41.1223699921506	173.104093869412	18057
411331	15	-41.1304046455991	173.083533057409	18057
411332	16	-41.1306666666667	173.082888888889	18057
411333	17	-41.0645555555556	173.060277777778	18057
411334	18	-41.0530379796334	173.095351891367	18057
411335	19	-41.0460695716455	173.12478322625	18057
411336	20	-41.0410543633989	173.154902884226	18057
411337	21	-41.0380300738845	173.185484215273	18057
411338	22	-41.0370194444444	173.216297222222	18057
411339	23	-41.0380300738845	173.247110229171	18057
411340	24	-41.0410543633989	173.277691560219	18057
411341	25	-41.0460695716455	173.307811218195	18057
411342	26	-41.0530379796334	173.337242553077	18057
411343	27	-41.0619071644047	173.365763909802	18057
411344	28	-41.0726103798141	173.393160245177	18057
411345	29	-41.0850670420378	173.419224703665	18057
411346	30	-41.09675	173.439666666667	18057
411347	0	-41.4645	173.025194444444	18058
411348	1	-41.5193333333333	172.941472222222	18058
411349	2	-41.4091944444444	172.844027777778	18058
411350	3	-41.2856111111111	172.823055555556	18058
411351	4	-41.2967777777778	172.965083333333	18058
411352	5	-41.4174444444444	172.963805555556	18058
411353	6	-41.4430833333333	172.985194444444	18058
411354	7	-41.4645	173.025194444444	18058
411355	0	-40.8616944444444	173.722194444444	18059
411356	1	-41.0125555555556	173.619583333333	18059
411357	2	-41.0510555555555	173.593472222222	18059
411358	3	-41.19325	173.541861111111	18059
411359	4	-41.1818055555556	173.459694444444	18059
411360	5	-41.3340833333333	173.302055555556	18059
411361	6	-41.3238888888889	173.250888888889	18059
411362	7	-41.3656944444444	173.200472222222	18059
411363	8	-41.3983611111111	173.169694444444	18059
411364	9	-41.4092222222222	173.135194444444	18059
411365	10	-41.4229722222222	173.091416666667	18059
411366	11	-41.4645	173.025194444444	18059
411367	12	-41.5193333333333	172.941472222222	18059
411368	13	-41.4091944444444	172.844027777778	18059
411369	14	-41.2856111111111	172.823055555556	18059
411370	15	-41.1883333333333	172.978083333333	18059
411371	16	-41.1913888888889	173.083083333333	18059
411372	17	-41.1306666666667	173.082888888889	18059
411373	18	-41.0645555555556	173.060277777778	18059
411374	19	-41.0396944444444	173.0515	18059
411375	20	-40.7474444444444	172.983888888889	18059
411376	21	-40.7291372292114	173.082630341661	18059
411377	22	-40.7225529682062	173.149215171641	18059
411378	23	-40.7203527777778	173.216297222222	18059
411379	24	-40.7225529682062	173.283379272804	18059
411380	25	-40.7291372292114	173.349964102783	18059
411381	26	-40.7400567414989	173.41555788661	18059
411382	27	-40.7552305108891	173.479673573804	18059
411383	28	-40.774545923506	173.541834238771	18059
411384	29	-40.7978595194725	173.60157638493	18059
411385	30	-40.8249979815083	173.658453187264	18059
411386	31	-40.8557593337537	173.712037656842	18059
411387	32	-40.8616944444444	173.722194444444	18059
411388	0	-41.3983611111111	173.169694444444	18060
411389	1	-41.5001388888889	173.067361111111	18060
411390	2	-41.5522777777778	172.927861111111	18060
411391	3	-41.5394444444444	172.87975	18060
411392	4	-41.4665277777778	172.806388888889	18060
411393	5	-41.3833055555556	172.758166666667	18060
411394	6	-41.2898333333333	172.748888888889	18060
411395	7	-41.2856111111111	172.823055555556	18060
411396	8	-41.4091944444444	172.844027777778	18060
411397	9	-41.5193333333333	172.941472222222	18060
411398	10	-41.4645	173.025194444444	18060
411399	11	-41.4229722222222	173.091416666667	18060
411400	12	-41.4092222222222	173.135194444444	18060
411401	13	-41.3983611111111	173.169694444444	18060
411402	0	-41.1039722222222	173.708638888889	18061
411403	1	-41.4345	173.606944444444	18061
411404	2	-41.42175	173.282305555556	18061
411405	3	-41.4564444444445	173.22375	18061
411406	4	-41.5410277777778	173.080972222222	18061
411407	5	-41.5491944444444	173.068888888889	18061
411408	6	-41.5663055555556	173.060194444444	18061
411409	7	-41.5833333333333	173.009444444444	18061
411410	8	-41.5772777777778	172.971138888889	18061
411411	9	-41.5575277777778	172.947361111111	18061
411412	10	-41.5522777777778	172.927861111111	18061
411413	11	-41.5001388888889	173.067361111111	18061
411414	12	-41.3983611111111	173.169694444444	18061
411415	13	-41.3656944444444	173.200472222222	18061
411416	14	-41.3238888888889	173.250888888889	18061
411417	15	-41.3340833333333	173.302055555556	18061
411418	16	-41.1818055555556	173.459694444444	18061
411419	17	-41.19325	173.541861111111	18061
411420	18	-41.0510555555555	173.593472222222	18061
411421	19	-41.0125555555556	173.619583333333	18061
411422	20	-41.1039722222222	173.708638888889	18061
411423	0	-41.4564444444445	173.22375	18062
411424	1	-41.588	173.133472222222	18062
411425	2	-41.6185	173.072722222222	18062
411426	3	-41.6385	173.024305555556	18062
411427	4	-41.6417777777778	172.953111111111	18062
411428	5	-41.6073055555556	172.824444444444	18062
411429	6	-41.5335277777778	172.750138888889	18062
411430	7	-41.4034166666667	172.702805555556	18062
411431	8	-41.2930277777778	172.691055555556	18062
411432	9	-41.2898333333333	172.748888888889	18062
411433	10	-41.3833055555556	172.758166666667	18062
411434	11	-41.4665277777778	172.806388888889	18062
411435	12	-41.5394444444444	172.87975	18062
411436	13	-41.5522777777778	172.927861111111	18062
411437	14	-41.5575277777778	172.947361111111	18062
411438	15	-41.5772777777778	172.971138888889	18062
411439	16	-41.5833333333333	173.009444444444	18062
411440	17	-41.5663055555556	173.060194444444	18062
411441	18	-41.5491944444444	173.068888888889	18062
411442	19	-41.5410277777778	173.080972222222	18062
411443	20	-41.4564444444445	173.22375	18062
411444	0	-41.4345	173.606944444444	18063
411445	1	-41.4469722222222	173.603138888889	18063
411446	2	-41.477	173.570833333333	18063
411447	3	-41.5352777777778	173.493111111111	18063
411448	4	-41.6256666666667	173.507611111111	18063
411449	5	-41.6242777777778	173.550555555556	18063
411450	6	-41.7581944444444	173.437722222222	18063
411451	7	-41.7441388888889	173.00525	18063
411452	8	-41.6853611111111	172.779	18063
411453	9	-41.5381388888889	172.655416666667	18063
411454	10	-41.4285	172.613722222222	18063
411455	11	-41.2989444444444	172.600527777778	18063
411456	12	-41.2930277777778	172.691055555556	18063
411457	13	-41.4034166666667	172.702805555556	18063
411458	14	-41.5335277777778	172.750138888889	18063
411459	15	-41.6073055555556	172.824444444444	18063
411460	16	-41.6417777777778	172.953111111111	18063
411461	17	-41.6385	173.024305555556	18063
411462	18	-41.6185	173.072722222222	18063
411463	19	-41.588	173.133472222222	18063
411464	20	-41.4564444444445	173.22375	18063
411465	21	-41.42175	173.282305555556	18063
411466	22	-41.4345	173.606944444444	18063
411467	0	-40.9048333333333	174.305805555556	18064
411468	1	-40.995	174.313638888889	18064
411469	2	-41.1541111111111	174.200361111111	18064
411470	3	-41.2961111111111	174.002166666667	18064
411471	4	-41.3717222222222	173.940916666667	18064
411472	5	-41.4444166666667	173.881805555556	18064
411473	6	-41.4505277777778	173.777388888889	18064
411474	7	-41.4512777777778	173.719583333333	18064
411475	8	-41.4469722222222	173.603138888889	18064
411476	9	-41.1039722222222	173.708638888889	18064
411477	10	-41.0125555555556	173.619583333333	18064
411478	11	-40.8616944444444	173.722194444444	18064
411479	12	-40.9048333333333	174.305805555556	18064
411480	0	-41.5	174.133333333333	18065
411481	1	-41.5580277777778	174.147111111111	18065
411482	2	-41.5737777777778	174.148388888889	18065
411483	3	-41.6069166666667	174.166	18065
411484	4	-41.6080833333333	174.053805555556	18065
411485	5	-41.61575	173.816138888889	18065
411486	6	-41.6256666666667	173.507611111111	18065
411487	7	-41.5352777777778	173.493111111111	18065
411488	8	-41.477	173.570833333333	18065
411489	9	-41.4469722222222	173.603138888889	18065
411490	10	-41.4512777777778	173.719583333333	18065
411491	11	-41.4505277777778	173.777388888889	18065
411492	12	-41.4395555555556	173.965	18065
411493	13	-41.4402222222222	174.029333333333	18065
411494	14	-41.5	174.133333333333	18065
411495	0	-41.4321111111111	174.925111111111	18066
411496	1	-41.5096944444444	175.057888888889	18066
411497	2	-41.5285398152456	175.031616842041	18066
411498	3	-41.5418572309227	175.008543464739	18066
411499	4	-41.5536136091002	174.983998227935	18066
411500	5	-41.5637186031728	174.958169003099	18066
411501	6	-41.5720945175513	174.931253825573	18066
411502	7	-41.5786769233878	174.90345934291	18066
411503	8	-41.5834151700434	174.874999186766	18066
411504	9	-41.5862727877385	174.846092282462	18066
411505	10	-41.5872277777778	174.816961111111	18066
411506	11	-41.5862727877385	174.78782993976	18066
411507	12	-41.5834151700434	174.758923035456	18066
411508	13	-41.5786769233878	174.730462879312	18066
411509	14	-41.5720945175513	174.702668396649	18066
411510	15	-41.5637186031728	174.675753219124	18066
411511	16	-41.5536136091002	174.649923994287	18066
411512	17	-41.5418572309227	174.625378757484	18066
411513	18	-41.5285398152456	174.602305380181	18066
411514	19	-41.5137636451633	174.58088010791	18066
411515	20	-41.4976421332133	174.561266199902	18066
411516	21	-41.4909166666667	174.554805555556	18066
411517	22	-41.4040833333333	174.676444444444	18066
411518	23	-41.4175057169113	174.689271536858	18066
411519	24	-41.4255560353924	174.699081075364	18066
411520	25	-41.4329336696032	174.709791401856	18066
411521	26	-41.4395822330862	174.721320951631	18066
411522	27	-41.4454508950873	174.733581815368	18066
411523	28	-41.4504947744784	174.74648041305	18066
411524	29	-41.4546752879738	174.75991821426	18066
411525	30	-41.4579604497871	174.773792499155	18066
411526	31	-41.46032512026	174.787997153957	18066
411527	32	-41.4617512014097	174.802423494506	18066
411528	33	-41.4622277777778	174.816961111111	18066
411529	34	-41.4617512014097	174.831498727716	18066
411530	35	-41.46032512026	174.845925068265	18066
411531	36	-41.4579604497871	174.860129723067	18066
411532	37	-41.4546752879738	174.874004007962	18066
411533	38	-41.4504947744784	174.887441809172	18066
411534	39	-41.4454508950873	174.900340406854	18066
411535	40	-41.4395822330862	174.912601270592	18066
411536	41	-41.4329336696032	174.924130820366	18066
411537	42	-41.4321111111111	174.925111111111	18066
411538	0	-41.0897222222222	175.0975	18067
411539	1	-41.1390555555556	175.092222222222	18067
411540	2	-41.1753611111111	175.087333333333	18067
411541	3	-41.2745555555556	174.954861111111	18067
411542	4	-41.4126111111111	174.912333333333	18067
411543	5	-41.4321111111111	174.925111111111	18067
411544	6	-41.4395822330862	174.912601270592	18067
411545	7	-41.4454508950873	174.900340406854	18067
411546	8	-41.4504947744784	174.887441809172	18067
411547	9	-41.4546752879738	174.874004007962	18067
411548	10	-41.4579604497871	174.860129723067	18067
411549	11	-41.46032512026	174.845925068265	18067
411550	12	-41.4617512014097	174.831498727716	18067
411551	13	-41.4622277777778	174.816961111111	18067
411552	14	-41.4617512014097	174.802423494506	18067
411553	15	-41.46032512026	174.787997153957	18067
411554	16	-41.4579604497871	174.773792499155	18067
411555	17	-41.4546752879738	174.75991821426	18067
411556	18	-41.4504947744784	174.74648041305	18067
411557	19	-41.4454508950873	174.733581815368	18067
411558	20	-41.4395822330862	174.721320951631	18067
411559	21	-41.4329336696032	174.709791401856	18067
411560	22	-41.4255560353924	174.699081075364	18067
411561	23	-41.4175057169113	174.689271536858	18067
411562	24	-41.4088442199091	174.680437384168	18067
411563	25	-41.4040833333333	174.676444444444	18067
411564	26	-41.4909166666667	174.554805555556	18067
411565	27	-41.5137636451633	174.58088010791	18067
411566	28	-41.5285398152456	174.602305380181	18067
411567	29	-41.5418572309227	174.625378757484	18067
411568	30	-41.5536136091002	174.649923994287	18067
411569	31	-41.5637186031728	174.675753219124	18067
411570	32	-41.5720945175513	174.702668396649	18067
411571	33	-41.5786769233878	174.730462879312	18067
411572	34	-41.5834151700434	174.758923035456	18067
411573	35	-41.5862727877385	174.78782993976	18067
411574	36	-41.5872277777778	174.816961111111	18067
411575	37	-41.5862727877385	174.846092282462	18067
411576	38	-41.5834151700434	174.874999186766	18067
411577	39	-41.5786769233878	174.90345934291	18067
411578	40	-41.5720945175513	174.931253825573	18067
411579	41	-41.5637186031728	174.958169003099	18067
411580	42	-41.5536136091002	174.983998227935	18067
411581	43	-41.5418572309227	175.008543464739	18067
411582	44	-41.5285398152456	175.031616842041	18067
411583	45	-41.5137636451633	175.053042114312	18067
411584	46	-41.5096944444444	175.057888888889	18067
411585	47	-41.5599444444444	175.146694444444	18067
411586	48	-41.6100555555556	175.236138888889	18067
411587	49	-41.655858422924	175.175426467063	18067
411588	50	-41.6780993628484	175.136939351969	18067
411589	51	-41.697735851387	175.09597843279	18067
411590	52	-41.7146159973207	175.052858402604	18067
411591	53	-41.7286091173083	175.007911492376	18067
411592	54	-41.7396067996304	174.961484818366	18067
411593	55	-41.7475237892089	174.913937584854	18067
411594	56	-41.752298685226	174.865638168322	18067
411595	57	-41.7538944444444	174.816961111111	18067
411596	58	-41.752298685226	174.7682840539	18067
411597	59	-41.7493888888889	174.733333333333	18067
411598	60	-41.6069166666667	174.166	18067
411599	61	-41.5737777777778	174.148388888889	18067
411600	62	-41.5580277777778	174.147111111111	18067
411601	63	-41.5	174.133333333333	18067
411602	64	-41.4402222222222	174.029333333333	18067
411603	65	-41.4395555555556	173.965	18067
411604	66	-41.3918888888889	174.046833333333	18067
411605	67	-41.3444722222222	174.128277777778	18067
411606	68	-41.3431944444444	174.263527777778	18067
411607	69	-41.3422222222222	174.374527777778	18067
411608	70	-41.3073299350799	174.374901342929	18067
411609	71	-41.2785188743944	174.380147346046	18067
411610	72	-41.2501604570813	174.388708650043	18067
411611	73	-41.2224697729408	174.400516060999	18067
411612	74	-41.1956565789449	174.415476087871	18067
411613	75	-41.1699237333621	174.43347176185	18067
411614	76	-41.1454656888717	174.454363618346	18067
411615	77	-41.1367777777778	174.46375	18067
411616	78	-41.0864166666667	174.375972222222	18067
411617	79	-41.041937873247	174.426327174313	18067
411618	80	-41.0174957756761	174.461991921551	18067
411619	81	-40.9954792342338	174.500318911237	18067
411620	82	-40.9760532971684	174.541018334155	18067
411621	83	-40.9593634574728	174.583783440252	18067
411622	84	-40.9455346152382	174.628292781468	18067
411623	85	-40.9346701897395	174.674212536853	18067
411624	86	-40.9268513862223	174.72119890588	18067
411625	87	-40.9221366214443	174.768900556054	18067
411626	88	-40.9205611111111	174.816961111111	18067
411627	89	-40.9221366214443	174.865021666168	18067
411628	90	-40.9268513862223	174.912723316343	18067
411629	91	-40.9265277777778	174.914194444444	18067
411630	92	-41.03475	174.933694444444	18067
411631	93	-41.0897222222222	175.0975	18067
411632	0	-40.9484166666667	175.108222222222	18068
411633	1	-41.0386388888889	175.102166666667	18068
411634	2	-41.0897222222222	175.0975	18068
411635	3	-41.03475	174.933694444444	18068
411636	4	-40.9265277777778	174.914194444444	18068
411637	5	-40.9395	174.993444444444	18068
411638	6	-40.9484166666667	175.108222222222	18068
411639	0	-41.1367777777778	174.46375	18069
411640	1	-41.1699237333621	174.43347176185	18069
411641	2	-41.1956565789449	174.415476087871	18069
411642	3	-41.2224697729408	174.400516060999	18069
411643	4	-41.2501604570813	174.388708650043	18069
411644	5	-41.2785188743944	174.380147346046	18069
411645	6	-41.3073299350799	174.374901342929	18069
411646	7	-41.3363748304223	174.373014890137	18069
411647	8	-41.3422222222222	174.374527777778	18069
411648	9	-41.3431944444444	174.263527777778	18069
411649	10	-41.2995913394017	174.264450643379	18069
411650	11	-41.2635838844505	174.27106756217	18069
411651	12	-41.2281459993041	174.281824713839	18069
411652	13	-41.1935462319421	174.296633941577	18069
411653	14	-41.1600463614302	174.315376892476	18069
411654	15	-41.1278994536569	174.337906084996	18069
411655	16	-41.0973479933694	174.364046172824	18069
411656	17	-41.0864166666667	174.375972222222	18069
411657	18	-41.1367777777778	174.46375	18069
411658	0	-40.6833333333333	175.176944444444	18070
411659	1	-40.7641111111111	175.117416666667	18070
411660	2	-40.9409444444444	175.011833333333	18070
411661	3	-40.9395	174.993444444444	18070
411662	4	-40.9265277777778	174.914194444444	18070
411663	5	-40.9221366214443	174.865021666168	18070
411664	6	-40.9205611111111	174.816961111111	18070
411665	7	-40.9221366214443	174.768900556054	18070
411666	8	-40.9268513862223	174.72119890588	18070
411667	9	-40.9346701897395	174.674212536853	18070
411668	10	-40.9455346152382	174.628292781468	18070
411669	11	-40.9593634574728	174.583783440252	18070
411670	12	-40.9760532971684	174.541018334155	18070
411671	13	-40.9954792342338	174.500318911237	18070
411672	14	-41.0174957756761	174.461991921551	18070
411673	15	-41.041937873247	174.426327174313	18070
411674	16	-41.0686221049208	174.393595391576	18070
411675	17	-41.0973479933694	174.364046172824	18070
411676	18	-41.1278994536569	174.337906084996	18070
411677	19	-41.1600463614302	174.315376892476	18070
411678	20	-41.1935462319421	174.296633941577	18070
411679	21	-41.2281459993041	174.281824713839	18070
411680	22	-41.2635838844505	174.27106756217	18070
411681	23	-41.2995913394017	174.264450643379	18070
411682	24	-41.3358950545577	174.262031059951	18070
411683	25	-41.3431944444444	174.263527777778	18070
411684	26	-41.3444722222222	174.128277777778	18070
411685	27	-41.3918888888889	174.046833333333	18070
411686	28	-41.4395555555556	173.965	18070
411687	29	-41.4444166666667	173.881805555556	18070
411688	30	-41.3717222222222	173.940916666667	18070
411689	31	-41.2961111111111	174.002166666667	18070
411690	32	-41.1541111111111	174.200361111111	18070
411691	33	-40.995	174.313638888889	18070
411692	34	-40.9048333333333	174.305805555556	18070
411693	35	-40.6316111111111	174.875444444444	18070
411694	36	-40.6316111111111	174.996666666667	18070
411695	37	-40.6833333333333	175.176944444444	18070
411696	0	-41.2866944444444	175.268305555556	18071
411697	1	-41.4319166666667	175.216916666667	18071
411698	2	-41.5599444444444	175.146694444444	18071
411699	3	-41.5096944444444	175.057888888889	18071
411700	4	-41.4321111111111	174.925111111111	18071
411701	5	-41.4126111111111	174.912333333333	18071
411702	6	-41.1753611111111	175.087333333333	18071
411703	7	-41.25075	175.213916666667	18071
411704	8	-41.2866944444444	175.268305555556	18071
411705	0	-41.6069166666667	174.166	18072
411706	1	-41.7493888888889	174.733333333333	18072
411707	2	-41.8534166666667	174.682416666667	18072
411708	3	-41.7338888888889	174.2725	18072
411709	4	-41.67275	174.074333333333	18072
411710	5	-41.6451111111111	174.073444444444	18072
411711	6	-41.6080833333333	174.053805555556	18072
411712	7	-41.6069166666667	174.166	18072
411713	0	-40.7106944444444	175.272833333333	18073
411714	1	-40.84025	175.172583333333	18073
411715	2	-40.9325277777778	175.162222222222	18073
411716	3	-41.0563055555556	175.194611111111	18073
411717	4	-41.0788888888889	175.202166666667	18073
411718	5	-41.0891944444444	175.204166666667	18073
411719	6	-41.0982777777778	175.1835	18073
411720	7	-41.1051944444444	175.172861111111	18073
411721	8	-41.1188333333333	175.136527777778	18073
411722	9	-41.1390555555556	175.092222222222	18073
411723	10	-41.0897222222222	175.0975	18073
411724	11	-41.0386388888889	175.102166666667	18073
411725	12	-40.9484166666667	175.108222222222	18073
411726	13	-40.9409444444444	175.011833333333	18073
411727	14	-40.7641111111111	175.1175	18073
411728	15	-40.6833333333333	175.176944444444	18073
411729	16	-40.7106944444444	175.272833333333	18073
411730	0	-41.8534166666667	174.682416666667	18074
411731	1	-42.0659722222222	174.578388888889	18074
411732	2	-42.0414841943966	174.471568493168	18074
411733	3	-42.0161757135758	174.390344162874	18074
411734	4	-41.9856517173393	174.312470466357	18074
411735	5	-41.9501518168321	174.238553276357	18074
411736	6	-41.9099542386688	174.16916465918	18074
411737	7	-41.8653734518779	174.104838237988	18074
411738	8	-41.8167575049986	174.046064978811	18074
411739	9	-41.7644851024908	173.993289434858	18074
411740	10	-41.7089624516384	173.946906476545	18074
411741	11	-41.7065277777778	173.947777777778	18074
411742	12	-41.7076666666667	173.816277777778	18074
411743	13	-41.61575	173.816138888889	18074
411744	14	-41.6080833333333	174.053805555556	18074
411745	15	-41.6451111111111	174.073444444444	18074
411746	16	-41.67275	174.074333333333	18074
411747	17	-41.7338888888889	174.2725	18074
411748	18	-41.8534166666667	174.682416666667	18074
411749	0	-40.7106944444444	175.272833333333	18075
411750	1	-40.9518888888889	175.282388888889	18075
411751	2	-41.1884444444444	175.314166666667	18075
411752	3	-41.2866944444444	175.268305555556	18075
411753	4	-41.25075	175.213916666667	18075
411754	5	-41.1753611111111	175.087333333333	18075
411755	6	-41.1390555555556	175.092222222222	18075
411756	7	-41.1188333333333	175.136527777778	18075
411757	8	-41.1051944444444	175.172861111111	18075
411758	9	-41.0982777777778	175.1835	18075
411759	10	-41.0891944444444	175.204166666667	18075
411760	11	-41.0788888888889	175.202166666667	18075
411761	12	-41.0563055555556	175.194611111111	18075
411762	13	-40.9325277777778	175.162222222222	18075
411763	14	-40.84025	175.172583333333	18075
411764	15	-40.7106944444444	175.272833333333	18075
411765	0	-41.1753611111111	175.087333333333	18076
411766	1	-41.4126111111111	174.912333333333	18076
411767	2	-41.2745555555556	174.954861111111	18076
411768	3	-41.1753611111111	175.087333333333	18076
411769	0	-43.4726666666667	170.056055555556	18077
411770	1	-43.8438055555556	169.769666666667	18077
411771	2	-43.5309166666667	169.166	18077
411772	3	-43.4726666666667	170.056055555556	18077
411773	0	-46.3353055555556	169.711138888889	18078
411774	1	-46.4484166666667	168.846388888889	18078
411775	2	-46.8305555555556	168.8	18078
411776	3	-46.8806944444444	168.548222222222	18078
411777	4	-46.8635	168.231805555556	18078
411778	5	-46.7711666666667	167.964166666667	18078
411779	6	-46.3607222222222	167.785916666667	18078
411780	7	-46.3123611111111	167.985305555556	18078
411781	8	-46.2861521056824	168.004338216064	18078
411782	9	-46.2678032884984	168.02139473809	18078
411783	10	-46.2505487045152	168.040688101029	18078
411784	11	-46.2345185782385	168.062070661943	18078
411785	12	-46.219833783905	168.08537943767	18078
411786	13	-46.2066049594176	168.110437351359	18078
411787	14	-46.1949316980202	168.137054569412	18078
411788	15	-46.1849018228674	168.165029919055	18078
411789	16	-46.1765907490527	168.194152376622	18078
411790	17	-46.1700609370602	168.224202616536	18078
411791	18	-46.1653614410004	168.254954610915	18078
411792	19	-46.1646944444444	168.261277777778	18078
411793	20	-45.9345277777778	168.194333333333	18078
411794	21	-45.8439166666667	168.231083333333	18078
411795	22	-45.7534444444444	168.395527777778	18078
411796	23	-45.8081111111111	168.713361111111	18078
411797	24	-45.7588611111111	168.75775	18078
411798	25	-45.8276388888889	168.956027777778	18078
411799	26	-45.7269722222222	169.083194444444	18078
411800	27	-45.9999166666667	169.449222222222	18078
411801	28	-46.0731881411003	169.465762291725	18078
411802	29	-46.1148997814802	169.484158050866	18078
411803	30	-46.1553365838425	169.50775889645	18078
411804	31	-46.1941876770902	169.536394666077	18078
411805	32	-46.2311537301806	169.569855187835	18078
411806	33	-46.26594934047	169.607891629481	18078
411807	34	-46.2983053298187	169.650218200622	18078
411808	35	-46.3279709271928	169.696514201767	18078
411809	36	-46.3353055555556	169.711138888889	18078
411810	0	-45.2037222222222	168.256666666667	18079
411811	1	-45.3691944444444	168.389166666667	18079
411812	2	-45.4819722222222	168.295555555556	18079
411813	3	-45.5827222222222	168.271555555556	18079
411814	4	-45.7534444444444	168.395527777778	18079
411815	5	-45.8439166666667	168.231083333333	18079
411816	6	-45.2037222222222	168.256666666667	18079
411817	0	-45.2975555555556	168.781916666667	18080
411818	1	-45.5914166666667	168.904888888889	18080
411819	2	-45.70225	168.863055555556	18080
411820	3	-45.7588611111111	168.75775	18080
411821	4	-45.8081111111111	168.713361111111	18080
411822	5	-45.7534444444444	168.395527777778	18080
411823	6	-45.5827222222222	168.271555555556	18080
411824	7	-45.4819722222222	168.295555555556	18080
411825	8	-45.3691944444444	168.389166666667	18080
411826	9	-45.2037222222222	168.256666666667	18080
411827	10	-45.2218611111111	168.309666666667	18080
411828	11	-45.3111944444444	168.566388888889	18080
411829	12	-45.2975555555556	168.781916666667	18080
411830	0	-44.9316388888889	169.130194444444	18081
411831	1	-45.0174722222222	169.126333333333	18081
411832	2	-45.0733611111111	169.098333333333	18081
411833	3	-45.0792777777778	169.02225	18081
411834	4	-45.0751111111111	169.0025	18081
411835	5	-45.0464444444444	168.866361111111	18081
411836	6	-45.0434444444444	168.83425	18081
411837	7	-45.0545833333333	168.802583333333	18081
411838	8	-45.1568888888889	168.792333333333	18081
411839	9	-45.2155	168.786472222222	18081
411840	10	-45.2975555555556	168.781916666667	18081
411841	11	-45.3111944444444	168.566388888889	18081
411842	12	-45.2218611111111	168.309666666667	18081
411843	13	-45.2037222222222	168.256666666667	18081
411844	14	-45.1687222222222	168.233222222222	18081
411845	15	-45.1446944444444	168.217111111111	18081
411846	16	-45.0875	168.176388888889	18081
411847	17	-45.0061388888889	168.22075	18081
411848	18	-45.0003055555556	168.567555555556	18081
411849	19	-44.96375	168.650888888889	18081
411850	20	-44.9261944444444	168.725861111111	18081
411851	21	-44.9158055555556	168.739722222222	18081
411852	22	-44.8690833333333	168.807944444444	18081
411853	23	-44.8758333333333	168.961861111111	18081
411854	24	-44.9197777777778	168.94275	18081
411855	25	-44.93225	169.0115	18081
411856	26	-44.9276388888889	169.0515	18081
411857	27	-44.9316388888889	169.130194444444	18081
411858	0	-44.8154444444444	169.118416666667	18082
411859	1	-44.9316388888889	169.130194444444	18082
411860	2	-44.9276388888889	169.0515	18082
411861	3	-44.93225	169.0115	18082
411862	4	-44.9197777777778	168.94275	18082
411863	5	-44.8758333333333	168.961861111111	18082
411864	6	-44.8154444444444	169.118416666667	18082
411865	0	-46.5660277777778	168.602472222222	18083
411866	1	-46.8043888888889	168.449694444444	18083
411867	2	-46.8635	168.231805555556	18083
411868	3	-46.7711666666667	167.964166666667	18083
411869	4	-46.3607222222222	167.785916666667	18083
411870	5	-46.3123611111111	167.985305555556	18083
411871	6	-46.346342029834	167.96781271802	18083
411872	7	-46.3676133930232	167.960835412853	18083
411873	8	-46.3892232973078	167.956566941031	18083
411874	9	-46.4110075850407	167.955042955526	18083
411875	10	-46.4328005771329	167.95627833432	18083
411876	11	-46.4544363300496	167.960266967818	18083
411877	12	-46.4757499008371	167.966981705104	18083
411878	13	-46.4965786105246	167.976374462525	18083
411879	14	-46.5167632960724	167.988376496789	18083
411880	15	-46.5361495409453	168.002898843387	18083
411881	16	-46.554588874384	168.019832919693	18083
411882	17	-46.5719399295306	168.039051290504	18083
411883	18	-46.5880695507428	168.060408592165	18083
411884	19	-46.6028538407122	168.083742609789	18083
411885	20	-46.6161791383799	168.108875500345	18083
411886	21	-46.6279429191221	168.135615152789	18083
411887	22	-46.6380546092604	168.163756674751	18083
411888	23	-46.6464363076234	168.193083993775	18083
411889	24	-46.6530234076537	168.223371559674	18083
411890	25	-46.6577651144019	168.254386133263	18083
411891	26	-46.6606248516703	168.285888645623	18083
411892	27	-46.6615805555556	168.317636111111	18083
411893	28	-46.6606248516703	168.349383576599	18083
411894	29	-46.6577651144019	168.38088608896	18083
411895	30	-46.6530234076537	168.411900662548	18083
411896	31	-46.6464363076234	168.442188228447	18083
411897	32	-46.6380546092604	168.471515547471	18083
411898	33	-46.6279429191221	168.499657069433	18083
411899	34	-46.6161791383799	168.526396721877	18083
411900	35	-46.6028538407122	168.551529612433	18083
411901	36	-46.5880695507428	168.574863630057	18083
411902	37	-46.5719399295306	168.596220931719	18083
411903	38	-46.5660277777778	168.602472222222	18083
411904	0	-39.0391666666667	173.541388888889	18084
411905	1	-40.7744166666667	172.730444444444	18084
411906	2	-41.0272685946931	172.641039443328	18084
411907	3	-41.1708785046384	172.611047555745	18084
411908	4	-41.3159088861855	172.597694837628	18084
411909	5	-41.4612626830213	172.601193333591	18084
411910	6	-41.6058330540324	172.621629472128	18084
411911	7	-41.6201111111111	172.631611111111	18084
411912	8	-42.9096944444444	171.409527777778	18084
411913	9	-42.9979583297791	171.330510963641	18084
411914	10	-43.0747437595338	171.273872211293	18084
411915	11	-43.1548232127852	171.226474940726	18084
411916	12	-43.2375991212613	171.188709579338	18084
411917	13	-43.3224513690548	171.16089862911	18084
411918	14	-43.4087416974242	171.143293224892	18084
411919	15	-43.4958183132958	171.136070087283	18084
411920	16	-43.5088333333333	171.140472222222	18084
411921	17	-43.4928333333333	170.835638888889	18084
411922	18	-43.4599166666667	170.250861111111	18084
411923	19	-43.5309166666667	169.166	18084
411924	20	-42.8213611111111	168.912305555556	18084
411925	21	-41.4241666666667	170.39	18084
411926	22	-40.9626752868757	170.417706219841	18084
411927	23	-40.676789213803	170.486827933093	18084
411928	24	-40.3964643778562	170.587769260378	18084
411929	25	-40.1237451224088	170.719407703846	18084
411930	26	-39.8605972569052	170.880438482274	18084
411931	27	-39.6088967936823	171.069391085497	18084
411932	28	-39.3704196729567	171.284645205953	18084
411933	29	-39.1468324315995	171.524445952539	18084
411934	30	-39.12725	171.556027777778	18084
411935	31	-39.0391666666667	173.541388888889	18084
411936	0	-46.1617194444444	168.317661111111	18085
411937	1	-46.1655003298062	168.380342769562	18085
411938	2	-46.176729637619	168.441145157488	18085
411939	3	-46.1950705862193	168.498243109203	18085
411940	4	-46.2199726716527	168.549918372057	18085
411941	5	-46.2506875917816	168.594609822499	18085
411942	6	-46.286290992495	168.630959800497	18085
411943	7	-46.3257094908344	168.657855290542	18085
411944	8	-46.3677522792191	168.674462716583	18085
411945	9	-46.4111464711484	168.680255190038	18085
411946	10	-46.4545752162368	168.675031165825	18085
411947	11	-46.4967174969499	168.658923631322	18085
411948	12	-46.5362884277386	168.632399183827	18085
411949	13	-46.5720788167777	168.596246645137	18085
411950	14	-46.6029927284439	168.551555212051	18085
411951	15	-46.6280818073101	168.499682536479	18085
411952	16	-46.6465751961842	168.442213548241	18085
411953	17	-46.6579040032061	168.380911251422	18085
411954	18	-46.6617194444444	168.317661111111	18085
411955	19	-46.6579040032061	168.2544109708	18085
411956	20	-46.6465751961842	168.193108673981	18085
411957	21	-46.6280818073101	168.135639685743	18085
411958	22	-46.6029927284439	168.083767010171	18085
411959	23	-46.5720788167777	168.039075577085	18085
411960	24	-46.5362884277386	168.002923038395	18085
411961	25	-46.4967174969499	167.976398590901	18085
411962	26	-46.4545752162368	167.960291056397	18085
411963	27	-46.4111464711484	167.955067032184	18085
411964	28	-46.3677522792191	167.960859505639	18085
411965	29	-46.3257094908344	167.97746693168	18085
411966	30	-46.286290992495	168.004362421725	18085
411967	31	-46.2506875917816	168.040712399724	18085
411968	32	-46.2199726716527	168.085403850165	18085
411969	33	-46.1950705862193	168.137079113019	18085
411970	34	-46.176729637619	168.194177064735	18085
411971	35	-46.1655003298062	168.254979452661	18085
411972	36	-46.1617194444444	168.317661111111	18085
411973	0	-46.0918666666667	168.807108333333	18086
411974	1	-46.1655277777778	168.710972222222	18086
411975	2	-46.1301917370116	168.657724234549	18086
411976	3	-46.11082220535	168.62099873566	18086
411977	4	-46.10275	168.604305555556	18086
411978	5	-46.0773888888889	168.296805555556	18086
411979	6	-45.9950555555556	168.315083333333	18086
411980	7	-45.9453083333333	168.332169444444	18086
411981	8	-45.9519440561443	168.434189351434	18086
411982	9	-45.9606828548785	168.491383867985	18086
411983	10	-45.9728262082981	168.547288180173	18086
411984	11	-45.9882839026294	168.601486045957	18086
411985	12	-46.0069410177192	168.653572992752	18086
411986	13	-46.0286587218765	168.703159157073	18086
411987	14	-46.0532752356189	168.749872054381	18086
411988	15	-46.0806069595992	168.793359263905	18086
411989	16	-46.0918666666667	168.807108333333	18086
411990	0	-45.8081111111111	168.713361111111	18087
411991	1	-45.8893194444444	168.741541666667	18087
411992	2	-45.9190161663843	168.812327075323	18087
411993	3	-45.9506051020937	168.872337106519	18087
411994	4	-45.9856829071487	168.928230645843	18087
411995	5	-46.0239889963585	168.979584364174	18087
411996	6	-46.0571027777778	169.014661111111	18087
411997	7	-46.0918666666667	168.807108333333	18087
411998	8	-46.0532752356189	168.749872054381	18087
411999	9	-46.0286587218765	168.703159157073	18087
412000	10	-46.0069410177192	168.653572992752	18087
412001	11	-45.9882839026294	168.601486045957	18087
412002	12	-45.9728262082981	168.547288180173	18087
412003	13	-45.9606828548785	168.491383867985	18087
412004	14	-45.9519440561443	168.434189351434	18087
412005	15	-45.9466746973721	168.37612974724	18087
412006	16	-45.9453083333333	168.332169444444	18087
412007	17	-45.9950555555556	168.315083333333	18087
412008	18	-46.0773888888889	168.296805555556	18087
412009	19	-46.0769444444445	168.236888888889	18087
412010	20	-45.9345277777778	168.194333333333	18087
412011	21	-45.8439166666667	168.231083333333	18087
412012	22	-45.7534444444444	168.395527777778	18087
412013	23	-45.8081111111111	168.713361111111	18087
412014	0	-44.7965833333333	169.23425	18088
412015	1	-44.8715555555556	169.283333333333	18088
412016	2	-44.9316388888889	169.130194444444	18088
412017	3	-44.8154444444444	169.118416666667	18088
412018	4	-44.7965833333333	169.23425	18088
412019	0	-44.5185277777778	169.592833333333	18089
412020	1	-44.7333055555556	169.745027777778	18089
412021	2	-44.8981111111111	169.66125	18089
412022	3	-44.9679166666667	169.480666666667	18089
412023	4	-45.0174722222222	169.126333333333	18089
412024	5	-44.9316388888889	169.130194444444	18089
412025	6	-44.8715555555556	169.283333333333	18089
412026	7	-44.7965833333333	169.23425	18089
412027	8	-44.8154444444444	169.118416666667	18089
412028	9	-44.8758333333333	168.961861111111	18089
412029	10	-44.8690833333333	168.807944444444	18089
412030	11	-44.9158055555556	168.739722222222	18089
412031	12	-44.9261944444444	168.725861111111	18089
412032	13	-44.96375	168.650888888889	18089
412033	14	-45.0003055555556	168.567555555556	18089
412034	15	-45.0061388888889	168.22075	18089
412035	16	-44.9709166666667	168.227444444444	18089
412036	17	-44.9346111111111	168.362722222222	18089
412037	18	-44.9360555555556	168.441527777778	18089
412038	19	-44.8123611111111	168.496333333333	18089
412039	20	-44.6771111111111	168.384916666667	18089
412040	21	-44.6356666666667	168.460888888889	18089
412041	22	-44.7677777777778	168.622583333333	18089
412042	23	-44.7522222222222	168.732388888889	18089
412043	24	-44.6135277777778	169.051777777778	18089
412044	25	-44.6925833333333	169.145611111111	18089
412045	26	-44.5185277777778	169.592833333333	18089
412046	0	-44.4416944444444	169.53875	18090
412047	1	-44.5185277777778	169.592833333333	18090
412048	2	-44.6925833333333	169.145611111111	18090
412049	3	-44.6135277777778	169.051777777778	18090
412050	4	-44.7522222222222	168.732388888889	18090
412051	5	-44.7677777777778	168.622583333333	18090
412052	6	-44.6356666666667	168.460888888889	18090
412053	7	-44.6771111111111	168.384916666667	18090
412054	8	-44.8123611111111	168.496333333333	18090
412055	9	-44.9360555555556	168.441527777778	18090
412056	10	-44.9346111111111	168.362722222222	18090
412057	11	-44.9709166666667	168.227444444444	18090
412058	12	-44.9395555555556	168.096916666667	18090
412059	13	-44.6328888888889	168.001777777778	18090
412060	14	-44.4682222222222	167.831361111111	18090
412061	15	-44.18575	168.36475	18090
412062	16	-44.5464722222222	169.167527777778	18090
412063	17	-44.4416944444444	169.53875	18090
412064	0	-46.4484166666667	168.846388888889	18091
412065	1	-46.8305555555556	168.8	18091
412066	2	-46.8806944444444	168.548222222222	18091
412067	3	-46.8635	168.231805555556	18091
412068	4	-46.8043888888889	168.449694444444	18091
412069	5	-46.5660277777778	168.602472222222	18091
412070	6	-46.5361495409453	168.632373378836	18091
412071	7	-46.5167632960724	168.646895725434	18091
412072	8	-46.4965786105246	168.658897759697	18091
412073	9	-46.4757499008371	168.668290517119	18091
412074	10	-46.4715	168.668888888889	18091
412075	11	-46.4484166666667	168.846388888889	18091
412076	0	-45.9999166666667	169.449222222222	18092
412077	1	-46.0731881411003	169.465762291725	18092
412078	2	-46.1148997814802	169.484158050866	18092
412079	3	-46.1553365838425	169.50775889645	18092
412080	4	-46.1941876770902	169.536394666077	18092
412081	5	-46.2311537301806	169.569855187835	18092
412082	6	-46.26594934047	169.607891629481	18092
412083	7	-46.2983053298187	169.650218200622	18092
412084	8	-46.3279709271928	169.696514201767	18092
412085	9	-46.3353055555556	169.711138888889	18092
412086	10	-46.4484166666667	168.846388888889	18092
412087	11	-46.4715	168.668888888889	18092
412088	12	-46.4328005771329	168.678993887902	18092
412089	13	-46.4110075850407	168.680229266697	18092
412090	14	-46.3892232973078	168.678705281191	18092
412091	15	-46.3676133930232	168.674436809369	18092
412092	16	-46.346342029834	168.667459504202	18092
412093	17	-46.3255706043937	168.657829426823	18092
412094	18	-46.3054565393603	168.645622531102	18092
412095	19	-46.2861521056824	168.630934006158	18092
412096	20	-46.2678032884984	168.613877484132	18092
412097	21	-46.2505487045152	168.594584121193	18092
412098	22	-46.2345185782385	168.57320156028	18092
412099	23	-46.219833783905	168.549892784552	18092
412100	24	-46.2066049594176	168.524834870863	18092
412101	25	-46.1949316980202	168.49821765281	18092
412102	26	-46.1849018228674	168.470242303167	18092
412103	27	-46.1765907490527	168.4411198456	18092
412104	28	-46.1700609370602	168.411069605686	18092
412105	29	-46.1653614410004	168.380317611307	18092
412106	30	-46.1625275543809	168.349094952533	18092
412107	31	-46.1615805555556	168.317636111111	18092
412108	32	-46.1625275543809	168.286177269689	18092
412109	33	-46.1646944444444	168.261277777778	18092
412110	34	-46.0769444444445	168.236888888889	18092
412111	35	-46.0773888888889	168.296805555556	18092
412112	36	-46.10275	168.604305555556	18092
412113	37	-46.1301917370116	168.657724234549	18092
412114	38	-46.1516955999978	168.6919010379	18092
412115	39	-46.1655277777778	168.710972222222	18092
412116	40	-46.0915555555556	168.809055555556	18092
412117	41	-46.0564444444444	169.018583333333	18092
412118	42	-46.0016666666667	169.344416666667	18092
412119	43	-45.9999166666667	169.449222222222	18092
412120	0	-39.2303055555556	174.915444444444	18093
412121	1	-40.6316111111111	174.923472222222	18093
412122	2	-40.6316111111111	174.996666666667	18093
412123	3	-40.7106944444444	175.272833333333	18093
412124	4	-40.9518888888889	175.282388888889	18093
412125	5	-41.1884444444444	175.314166666667	18093
412126	6	-41.21875	175.45975	18093
412127	7	-41.2805555555556	175.805138888889	18093
412128	8	-41.81325	175.293861111111	18093
412129	9	-45.2646388888889	171.63175	18093
412130	10	-44.6416111111111	170.91075	18093
412131	11	-43.9297222222222	171.268416666667	18093
412132	12	-43.8387499830352	171.211799049621	18093
412133	13	-43.7551464495961	171.177294249375	18093
412134	14	-43.6696844276594	171.153090328845	18093
412135	15	-43.5830206752735	171.139328923222	18093
412136	16	-43.4958183132958	171.136070087283	18093
412137	17	-43.4087416974242	171.143293224892	18093
412138	18	-43.3224513690548	171.16089862911	18093
412139	19	-43.2375991212613	171.188709579338	18093
412140	20	-43.1548232127852	171.226474940726	18093
412141	21	-43.0747437595338	171.273872211293	18093
412142	22	-42.9979583297791	171.330510963641	18093
412143	23	-42.925037766092	171.395936630529	18093
412144	24	-42.9096944444444	171.409527777778	18093
412145	25	-41.6201111111111	172.631611111111	18093
412146	26	-41.4612626830213	172.601193333591	18093
412147	27	-41.3159088861855	172.597694837628	18093
412148	28	-41.1708785046384	172.611047555745	18093
412149	29	-41.0272685946931	172.641039443328	18093
412150	30	-40.8861583946079	172.687337706577	18093
412151	31	-40.7744166666667	172.730444444444	18093
412152	32	-39.0391666666667	173.541388888889	18093
412153	33	-39.00725	174.183944444444	18093
412154	34	-39.2303055555556	174.915444444444	18093
412155	0	-41.9458666666667	173.662777777778	18094
412156	1	-41.9466256874159	173.674451323493	18094
412157	2	-41.9488797404678	173.685770987856	18094
412158	3	-41.9525604909586	173.696393544226	18094
412159	4	-41.957556336244	173.705996763355	18094
412160	5	-41.9637157686282	173.714289140108	18094
412161	6	-41.9708519441417	173.721018716385	18094
412162	7	-41.9787483227101	173.725980736319	18094
412163	8	-41.987165212781	173.729023901266	18094
412164	9	-41.9958470257516	173.73005503057	18094
412165	10	-42.0045300232128	173.729041978895	18094
412166	11	-42.0129503238889	173.726014711154	18094
412167	12	-42.0208519278091	173.721064490569	18094
412168	13	-42.0279945131682	173.714341192606	18094
412169	14	-42.0341607667706	173.706048815871	18094
412170	15	-42.0391630219074	173.696439318456	18094
412171	16	-42.0428489977588	173.685804962743	18094
412172	17	-42.0451064614238	173.674469401156	18094
412173	18	-42.0458666666667	173.662777777778	18094
412174	19	-42.0451064614238	173.6510861544	18094
412175	20	-42.0428489977588	173.639750592812	18094
412176	21	-42.0391630219074	173.6291162371	18094
412177	22	-42.0341607667706	173.619506739684	18094
412178	23	-42.0279945131682	173.611214362949	18094
412179	24	-42.0208519278091	173.604491064986	18094
412180	25	-42.0129503238889	173.599540844401	18094
412181	26	-42.0045300232128	173.596513576661	18094
412182	27	-41.9958470257516	173.595500524986	18094
412183	28	-41.987165212781	173.59653165429	18094
412184	29	-41.9787483227101	173.599574819237	18094
412185	30	-41.9708519441417	173.60453683917	18094
412186	31	-41.9637157686282	173.611266415448	18094
412187	32	-41.957556336244	173.619558792201	18094
412188	33	-41.9525604909586	173.62916201133	18094
412189	34	-41.9488797404678	173.6397845677	18094
412190	35	-41.9466256874159	173.651104232063	18094
412191	36	-41.9458666666667	173.662777777778	18094
412192	0	-42.2054166666667	175.886888888889	18095
412193	1	-42.8583333333333	175.05	18095
412194	2	-45.5076666666667	171.876944444444	18095
412195	3	-45.2646388888889	171.63175	18095
412196	4	-41.81325	175.293861111111	18095
412197	5	-42.2054166666667	175.886888888889	18095
412198	0	-42.0659722222222	174.578388888889	18096
412199	1	-42.6191111111111	174.308527777778	18096
412200	2	-43.1687777777778	173.304222222222	18096
412201	3	-43.0735300806491	173.21382233208	18096
412202	4	-43.0309689047615	173.15958299567	18096
412203	5	-42.991994670005	173.100549208124	18096
412204	6	-42.9568968891303	173.037168055262	18096
412205	7	-42.9364722222222	172.993138888889	18096
412206	8	-41.8231666666667	174.055472222222	18096
412207	9	-41.9098375794588	174.169426954196	18096
412208	10	-41.9500351561102	174.238815446057	18096
412209	11	-41.985535055195	174.312732501931	18096
412210	12	-42.0160590501431	174.390606056587	18096
412211	13	-42.0413675298497	174.471830238445	18096
412212	14	-42.0612615552866	174.555770385627	18096
412213	15	-42.0659722222222	174.578388888889	18096
412214	0	-44.0116111111111	171.920888888889	18097
412215	1	-44.1358888888889	171.7685	18097
412216	2	-44.0363397330051	171.626648568797	18097
412217	3	-43.9851111111111	171.576972222222	18097
412218	4	-43.8901388888889	171.767388888889	18097
412219	5	-43.9736441244516	171.8595981286	18097
412220	6	-44.0132575631688	171.91878570261	18097
412221	7	-44.0116111111111	171.920888888889	18097
412222	0	-41.9458666666667	173.662777777778	18098
412223	1	-41.9466256874159	173.674451323493	18098
412224	2	-41.9488797404678	173.685770987856	18098
412225	3	-41.9525604909586	173.696393544226	18098
412226	4	-41.957556336244	173.705996763355	18098
412227	5	-41.9637157686282	173.714289140108	18098
412228	6	-41.9708519441417	173.721018716385	18098
412229	7	-41.9787483227101	173.725980736319	18098
412230	8	-41.987165212781	173.729023901266	18098
412231	9	-41.9958470257516	173.73005503057	18098
412232	10	-42.0045300232128	173.729041978895	18098
412233	11	-42.0129503238889	173.726014711154	18098
412234	12	-42.0208519278091	173.721064490569	18098
412235	13	-42.0279945131682	173.714341192606	18098
412236	14	-42.0341607667706	173.706048815871	18098
412237	15	-42.0391630219074	173.696439318456	18098
412238	16	-42.0428489977588	173.685804962743	18098
412239	17	-42.0451064614238	173.674469401156	18098
412240	18	-42.0458666666667	173.662777777778	18098
412241	19	-42.0451064614238	173.6510861544	18098
412242	20	-42.0428489977588	173.639750592812	18098
412243	21	-42.0391630219074	173.6291162371	18098
412244	22	-42.0341607667706	173.619506739684	18098
412245	23	-42.0279945131682	173.611214362949	18098
412246	24	-42.0208519278091	173.604491064986	18098
412247	25	-42.0129503238889	173.599540844401	18098
412248	26	-42.0045300232128	173.596513576661	18098
412249	27	-41.9958470257516	173.595500524986	18098
412250	28	-41.987165212781	173.59653165429	18098
412251	29	-41.9787483227101	173.599574819237	18098
412252	30	-41.9708519441417	173.60453683917	18098
412253	31	-41.9637157686282	173.611266415448	18098
412254	32	-41.957556336244	173.619558792201	18098
412255	33	-41.9525604909586	173.62916201133	18098
412256	34	-41.9488797404678	173.6397845677	18098
412257	35	-41.9466256874159	173.651104232063	18098
412258	36	-41.9458666666667	173.662777777778	18098
412259	0	-43.3913611111111	172.945305555556	18099
412260	1	-43.5616666666667	172.750138888889	18099
412261	2	-43.5651666666667	172.647583333333	18099
412262	3	-43.6045555555556	172.597972222222	18099
412263	4	-43.6605	172.547972222222	18099
412264	5	-43.8181944444445	172.360694444444	18099
412265	6	-43.8060370952458	172.319437674412	18099
412266	7	-43.7925435502537	172.283748656731	18099
412267	8	-43.7768460346569	172.249842220046	18099
412268	9	-43.7590656989883	172.217978528354	18099
412269	10	-43.7393396522622	172.188401350074	18099
412270	11	-43.7178198631336	172.161336165798	18099
412271	12	-43.6946719465424	172.136988442959	18099
412272	13	-43.6700738468605	172.115542090683	18099
412273	14	-43.6442144293177	172.097158105795	18099
412274	15	-43.6172919921057	172.081973418679	18099
412275	16	-43.5895127120225	172.070099945348	18099
412276	17	-43.5610890368506	172.061623849849	18099
412277	18	-43.5322380378399	172.056605018913	18099
412278	19	-43.5234444444444	172.057277777778	18099
412279	20	-43.4890833333333	172.106638888889	18099
412280	21	-43.4997222222222	172.214277777778	18099
412281	22	-43.4291944444444	172.33575	18099
412282	23	-43.3688888888889	172.410111111111	18099
412283	24	-43.3575833333333	172.4525	18099
412284	25	-43.3106666666667	172.536638888889	18099
412285	26	-43.2489722222222	172.668361111111	18099
412286	27	-43.1986388888889	172.697694444444	18099
412287	28	-43.2151962956948	172.743325919383	18099
412288	29	-43.2307484241867	172.777045434296	18099
412289	30	-43.2483738106134	172.808794661592	18099
412290	31	-43.267940054244	172.838333309162	18099
412291	32	-43.2893000420392	172.865437065296	18099
412292	33	-43.3122930144619	172.889899288716	18099
412293	34	-43.3367457348117	172.911532589624	18099
412294	35	-43.3624737547854	172.930170289642	18099
412295	36	-43.3892827682101	172.945667748736	18099
412296	37	-43.3913611111111	172.945305555556	18099
412297	0	-43.3575833333333	172.4525	18100
412298	1	-43.3688888888889	172.410111111111	18100
412299	2	-43.4291944444444	172.33575	18100
412300	3	-43.3948888888889	172.295	18100
412301	4	-43.3345555555556	172.366222222222	18100
412302	5	-43.3575833333333	172.4525	18100
412303	0	-43.3661388888889	173.174277777778	18101
412304	1	-43.7316666666667	172.583444444444	18101
412305	2	-43.9923888888889	172.662916666667	18101
412306	3	-44.0022758851008	172.575276380881	18101
412307	4	-44.0041944444444	172.514694444444	18101
412308	5	-44.0022758851008	172.454112508008	18101
412309	6	-43.9965351790333	172.394003247888	18101
412310	7	-43.9870171164467	172.334835377788	18101
412311	8	-43.9737959300749	172.277069728316	18101
412312	9	-43.9569746734624	172.221155410031	18101
412313	10	-43.9366843598518	172.167526099917	18101
412314	11	-43.9130828707705	172.116596489067	18101
412315	12	-43.8863536457263	172.06875892655	18101
412316	13	-43.856704166539	172.024380291188	18101
412317	14	-43.8243642517274	171.983799119204	18101
412318	15	-43.7895841780043	171.947323011679	18101
412319	16	-43.7526326473021	171.915226341452	18101
412320	17	-43.7137946188392	171.887748274768	18101
412321	18	-43.6733690265454	171.865091118565	18101
412322	19	-43.631666402695	171.847419000034	18101
412323	20	-43.5890064288662	171.834856881025	18101
412324	21	-43.5457154353612	171.827489906017	18101
412325	22	-43.5323888888889	171.828611111111	18101
412326	23	-43.5234444444444	172.057277777778	18101
412327	24	-43.561183478343	172.061681473053	18101
412328	25	-43.5896071536244	172.070157581145	18101
412329	26	-43.6173864338573	172.082031072448	18101
412330	27	-43.6443088712551	172.097215782797	18101
412331	28	-43.6701682890138	172.115599796019	18101
412332	29	-43.6947663889354	172.137046181531	18101
412333	30	-43.7179143057825	172.161393942264	18101
412334	31	-43.7394340951757	172.188459168813	18101
412335	32	-43.7591601421668	172.218036393423	18101
412336	33	-43.7769404780928	172.249900135151	18101
412337	34	-43.7926379939313	172.28380662519	18101
412338	35	-43.8061315391422	172.319495699125	18101
412339	36	-43.8173168958817	172.356692840686	18101
412340	37	-43.8181944444445	172.360694444444	18101
412341	38	-43.6605	172.547944444444	18101
412342	39	-43.6045555555556	172.597972222222	18101
412343	40	-43.5651666666667	172.647583333333	18101
412344	41	-43.5616666666667	172.750138888889	18101
412345	42	-43.3913611111111	172.945305555556	18101
412346	43	-43.3625681967461	172.930229269849	18101
412347	44	-43.3368401769902	172.911591540263	18101
412348	45	-43.3123874568806	172.88995820521	18101
412349	46	-43.2893944847134	172.865495943337	18101
412350	47	-43.2680344971813	172.838392144743	18101
412351	48	-43.2484682538132	172.808853451029	18101
412352	49	-43.2308428676406	172.777104174254	18101
412353	50	-43.215290739387	172.743384606898	18101
412354	51	-43.2019286017137	172.707949235036	18101
412355	52	-43.1908566792829	172.671064866975	18101
412356	53	-43.1821579696243	172.633008689572	18101
412357	54	-43.1758976490215	172.594066264436	18101
412358	55	-43.1750555555556	172.588222222222	18101
412359	56	-43.0099166666667	172.619638888889	18101
412360	57	-43.0210943310884	172.691698454955	18101
412361	58	-43.0341084753028	172.748648810294	18101
412362	59	-43.0506744937825	172.803859383249	18101
412363	60	-43.0706691308843	172.856917879778	18101
412364	61	-43.0939434912397	172.907426949404	18101
412365	62	-43.1203240767569	172.955007014855	18101
412366	63	-43.14961400001	172.999299012958	18101
412367	64	-43.1815943678073	173.039967030521	18101
412368	65	-43.2160258276872	173.076700818307	18101
412369	66	-43.2526502690136	173.109218165729	18101
412370	67	-43.2911926692375	173.137267118347	18101
412371	68	-43.3313630747662	173.16062801988	18101
412372	69	-43.3661388888889	173.174277777778	18101
412373	0	-43.1986388888889	172.697694444444	18102
412374	1	-43.2489722222222	172.668361111111	18102
412375	2	-43.3106666666667	172.536638888889	18102
412376	3	-43.3575833333333	172.4525	18102
412377	4	-43.3345555555556	172.366222222222	18102
412378	5	-43.3948888888889	172.295	18102
412379	6	-43.4291944444444	172.33575	18102
412380	7	-43.4997222222222	172.214277777778	18102
412381	8	-43.4890833333333	172.106638888889	18102
412382	9	-43.3057777777778	172.296555555556	18102
412383	10	-43.1716388888889	172.479777777778	18102
412384	11	-43.1720281624384	172.554471081195	18102
412385	12	-43.1758032046677	172.594007808345	18102
412386	13	-43.1820635253812	172.632950173212	18102
412387	14	-43.1907622351902	172.671006291671	18102
412388	15	-43.1986388888889	172.697694444444	18102
412389	0	-43.2498888888889	173.359638888889	18103
412390	1	-43.3661388888889	173.174277777778	18103
412391	2	-43.2911926692375	173.137267118347	18103
412392	3	-43.2526502690136	173.109218165729	18103
412393	4	-43.2160258276872	173.076700818307	18103
412394	5	-43.1815943678073	173.039967030521	18103
412395	6	-43.14961400001	172.999299012958	18103
412396	7	-43.1203240767569	172.955007014855	18103
412397	8	-43.0939434912397	172.907426949404	18103
412398	9	-43.0706691308843	172.856917879778	18103
412399	10	-43.0506744937825	172.803859383249	18103
412400	11	-43.0341084753028	172.748648810294	18103
412401	12	-43.0210943310884	172.691698454955	18103
412402	13	-43.0117288216344	172.633432652226	18103
412403	14	-43.0099166666667	172.619638888889	18103
412404	15	-43.1750555555556	172.588222222222	18103
412405	16	-43.1708611111111	172.514694444444	18103
412406	17	-43.1716388888889	172.479777777778	18103
412407	18	-43.3057777777778	172.296555555556	18103
412408	19	-43.4890833333333	172.106638888889	18103
412409	20	-43.5234444444444	172.057277777778	18103
412410	21	-43.5323888888889	171.828611111111	18103
412411	22	-43.5890064288662	171.834856881025	18103
412412	23	-43.631666402695	171.847419000034	18103
412413	24	-43.6733690265454	171.865091118565	18103
412414	25	-43.7137946188392	171.887748274768	18103
412415	26	-43.7526326473021	171.915226341452	18103
412416	27	-43.7895841780043	171.947323011679	18103
412417	28	-43.8243642517274	171.983799119204	18103
412418	29	-43.856704166539	172.024380291188	18103
412419	30	-43.8863536457263	172.06875892655	18103
412420	31	-43.9130828707705	172.116596489067	18103
412421	32	-43.9366843598518	172.167526099917	18103
412422	33	-43.9569746734624	172.221155410031	18103
412423	34	-43.9737959300749	172.277069728316	18103
412424	35	-43.9870171164467	172.334835377788	18103
412425	36	-43.9965351790333	172.394003247888	18103
412426	37	-44.0022758851008	172.454112508008	18103
412427	38	-44.0041944444444	172.514694444444	18103
412428	39	-44.0022758851008	172.575276380881	18103
412429	40	-43.9965351790333	172.635385641	18103
412430	41	-43.9923888888889	172.662916666667	18103
412431	42	-44.1551111111111	172.713027777778	18103
412432	43	-44.1682958536057	172.595696590071	18103
412433	44	-44.1708611111111	172.514694444444	18103
412434	45	-44.1682958536057	172.433692298818	18103
412435	46	-44.1606202705642	172.353327466126	18103
412436	47	-44.1478947553513	172.274231745839	18103
412437	48	-44.1302193821099	172.197025974741	18103
412438	49	-44.1077330407497	172.12231470489	18103
412439	50	-44.0806122401468	172.050681069072	18103
412440	51	-44.0490695934071	171.982681890296	18103
412441	52	-44.0133520025062	171.918843087039	18103
412442	53	-43.973738562724	171.859655420218	18103
412443	54	-43.9305382100016	171.805570621491	18103
412444	55	-43.8840871366176	171.756997935558	18103
412445	56	-43.834746002392	171.714301101981	18103
412446	57	-43.7828969699701	171.67779579483	18103
412447	58	-43.7289405936195	171.647747531334	18103
412448	59	-43.67329259141	171.624370053959	18103
412449	60	-43.6163805306709	171.607824183992	18103
412450	61	-43.5586404562606	171.598217138982	18103
412451	62	-43.5408333333333	171.59975	18103
412452	63	-43.5366666666667	171.714194444444	18103
412453	64	-42.8373611111111	172.533861111111	18103
412454	65	-42.8475465749474	172.672589137688	18103
412455	66	-42.8600008623355	172.750081072798	18103
412456	67	-42.8773081339787	172.825837367787	18103
412457	68	-42.899340691433	172.899297522506	18103
412458	69	-42.9259358211431	172.969916418661	18103
412459	70	-42.9568968891303	173.037168055262	18103
412460	71	-42.991994670005	173.100549208124	18103
412461	72	-43.0309689047615	173.15958299567	18103
412462	73	-43.0735300806491	173.21382233208	18103
412463	74	-43.1193614251793	173.262853247404	18103
412464	75	-43.1681211050156	173.306298052901	18103
412465	76	-43.2194446190988	173.343818328378	18103
412466	77	-43.2498888888889	173.359638888889	18103
412467	0	-42.9236111111111	172.434222222222	18104
412468	1	-43.5366666666667	171.714194444444	18104
412469	2	-43.4505599671344	171.714215114186	18104
412470	3	-43.4001726641279	171.724023976193	18104
412471	4	-43.3505961726565	171.739818395841	18104
412472	5	-43.3022053208089	171.761464502585	18104
412473	6	-43.2553650964549	171.788785325349	18104
412474	7	-43.2104279727677	171.821562495564	18104
412475	8	-43.1677313493982	171.859538208722	18104
412476	9	-43.1275951249023	171.902417421584	18104
412477	10	-43.0903194146105	171.94987026244	18104
412478	11	-43.0561824267474	172.001534632268	18104
412479	12	-43.0254385082545	172.057018975347	18104
412480	13	-42.9983163704683	172.115905198698	18104
412481	14	-42.9750175035476	172.177751720657	18104
412482	15	-42.9557147873401	172.242096629829	18104
412483	16	-42.9405513052319	172.308460936608	18104
412484	17	-42.9296393664171	172.376351900327	18104
412485	18	-42.9236111111111	172.434222222222	18104
412486	0	-45.2646388888889	171.63175	18105
412487	1	-46.0080833333333	170.843527777778	18105
412488	2	-46.0494559806741	170.786091070177	18105
412489	3	-46.0672428086133	170.752938721645	18105
412490	4	-46.0769444444445	170.730583333333	18105
412491	5	-46.4837222222222	170.235722222222	18105
412492	6	-46.3353055555556	169.711138888889	18105
412493	7	-46.2983053298187	169.650218200622	18105
412494	8	-46.26594934047	169.607891629481	18105
412495	9	-46.2311537301806	169.569855187835	18105
412496	10	-46.1941876770902	169.536394666077	18105
412497	11	-46.1553365838425	169.50775889645	18105
412498	12	-46.1148997814802	169.484158050866	18105
412499	13	-46.0731881411003	169.465762291725	18105
412500	14	-46.0305216147414	169.45270077739	18105
412501	15	-45.9999166666667	169.449222222222	18105
412502	16	-45.8690555555556	169.893638888889	18105
412503	17	-45.6750833333333	170.304777777778	18105
412504	18	-45.4619166666667	170.505944444444	18105
412505	19	-44.6416111111111	170.91075	18105
412506	20	-45.2646388888889	171.63175	18105
412507	0	-45.5076666666667	171.876944444444	18106
412508	1	-47.1378055555556	169.711138888889	18106
412509	2	-46.3353055555556	169.711138888889	18106
412510	3	-46.4837222222222	170.235722222222	18106
412511	4	-46.0769444444445	170.730583333333	18106
412512	5	-46.0494532029367	170.785913276874	18106
412513	6	-46.0297204707657	170.816683648563	18106
412514	7	-46.0080833333333	170.843527777778	18106
412515	8	-45.2646388888889	171.63175	18106
412516	9	-45.5076666666667	171.876944444444	18106
412517	0	-44.6416111111111	170.91075	18107
412518	1	-45.4619166666667	170.505944444444	18107
412519	2	-45.6750833333333	170.304777777778	18107
412520	3	-45.8690555555556	169.893638888889	18107
412521	4	-45.9999166666667	169.449222222222	18107
412522	5	-45.7269722222222	169.083194444444	18107
412523	6	-45.8276388888889	168.956027777778	18107
412524	7	-45.7588611111111	168.75775	18107
412525	8	-45.70225	168.863083333333	18107
412526	9	-45.5914166666667	168.904888888889	18107
412527	10	-45.4681944444444	169.046472222222	18107
412528	11	-45.3347777777778	169.161694444444	18107
412529	12	-44.9689722222222	169.476777777778	18107
412530	13	-44.8981111111111	169.66125	18107
412531	14	-44.7333055555556	169.745027777778	18107
412532	15	-44.5185277777778	169.592833333333	18107
412533	16	-44.4416944444444	169.53875	18107
412534	17	-44.4141111111111	169.634916666667	18107
412535	18	-44.0748333333333	170.226361111111	18107
412536	19	-44.1386944444444	170.277583333333	18107
412537	20	-44.2999444444444	170.602944444444	18107
412538	21	-44.348	170.706944444444	18107
412539	22	-44.6416111111111	170.91075	18107
412540	0	-43.9297222222222	171.268416666667	18108
412541	1	-44.6416111111111	170.91075	18108
412542	2	-44.348	170.706944444444	18108
412543	3	-44.2999444444444	170.602944444444	18108
412544	4	-44.1386944444444	170.277583333333	18108
412545	5	-44.0748333333333	170.226361111111	18108
412546	6	-43.4928333333333	170.835638888889	18108
412547	7	-43.5088333333333	171.140472222222	18108
412548	8	-43.6696844276594	171.153090328845	18108
412549	9	-43.7551464495961	171.177294249375	18108
412550	10	-43.8387499830352	171.211799049621	18108
412551	11	-43.9198497999136	171.256381245832	18108
412552	12	-43.9297222222222	171.268416666667	18108
412553	0	-43.8438055555556	169.769666666667	18109
412554	1	-44.2937777777778	169.436333333333	18109
412555	2	-44.4141111111111	169.634916666667	18109
412556	3	-44.4416944444444	169.53875	18109
412557	4	-44.5185277777778	169.592833333333	18109
412558	5	-44.7333055555556	169.745027777778	18109
412559	6	-44.8981111111111	169.66125	18109
412560	7	-44.9689722222222	169.476777777778	18109
412561	8	-45.3347777777778	169.161694444444	18109
412562	9	-45.4681944444444	169.046472222222	18109
412563	10	-45.5914166666667	168.904888888889	18109
412564	11	-45.70225	168.863083333333	18109
412565	12	-45.7588611111111	168.75775	18109
412566	13	-45.8081111111111	168.713361111111	18109
412567	14	-45.7534444444444	168.395527777778	18109
412568	15	-45.8439166666667	168.231083333333	18109
412569	16	-45.4418611111111	168.247027777778	18109
412570	17	-44.9530555555556	166.478472222222	18109
412571	18	-42.8213611111111	168.912305555556	18109
412572	19	-43.5309166666667	169.166	18109
412573	20	-43.8438055555556	169.769666666667	18109
412574	0	-46.0769444444445	170.730583333333	18110
412575	1	-46.4837222222222	170.235722222222	18110
412576	2	-46.3353055555556	169.711138888889	18110
412577	3	-46.2982997744847	169.650204363651	18110
412578	4	-46.2659437851741	169.607877796742	18110
412579	5	-46.2311481749216	169.569841358877	18110
412580	6	-46.1941821218657	169.536380840424	18110
412581	7	-46.155331028649	169.507745073602	18110
412582	8	-46.1148942263134	169.484144230304	18110
412583	9	-46.0731825859548	169.465748472915	18110
412584	10	-46.0305160596115	169.452686959788	18110
412585	11	-45.9999166666667	169.449222222222	18110
412586	12	-45.8690555555556	169.893638888889	18110
412587	13	-45.8398611111111	169.955944444444	18110
412588	14	-45.9255555555556	169.995694444444	18110
412589	15	-45.9206111111111	170.00675	18110
412590	16	-45.8386666666667	170.195638888889	18110
412591	17	-45.7903333333333	170.288138888889	18110
412592	18	-45.7693055555556	170.342222222222	18110
412593	19	-45.7318611111111	170.36025	18110
412594	20	-45.7207777777778	170.356388888889	18110
412595	21	-45.6750833333333	170.304777777778	18110
412596	22	-45.4619166666667	170.505944444444	18110
412597	23	-45.4662231422661	170.559904626479	18110
412598	24	-45.4724806711581	170.600398786455	18110
412599	25	-45.4811755899393	170.63997262291	18110
412600	26	-45.4922428356964	170.678329537201	18110
412601	27	-45.505599550868	170.715181580921	18110
412602	28	-45.5211456732379	170.75025152832	18110
412603	29	-45.538764650276	170.783274888291	18110
412604	30	-45.558324273746	170.81400184354	18110
412605	31	-45.579677629748	170.842199104458	18110
412606	32	-45.602664158596	170.867651665115	18110
412607	33	-45.6271108181742	170.890164448767	18110
412608	34	-45.652833343646	170.909563830282	18110
412609	35	-45.6796375956398	170.925699023007	18110
412610	36	-45.7073209882796	170.938443317797	18110
412611	37	-45.7356739877073	170.947695162287	18110
412612	38	-45.7644816710302	170.953379068959	18110
412613	39	-45.7935253349625	170.95544634121	18110
412614	40	-45.8225841427987	170.953875607494	18110
412615	41	-45.8514367977883	170.94867315461	18110
412616	42	-45.879863230478	170.939873052475	18110
412617	43	-45.9076462871618	170.927537064164	18110
412618	44	-45.9345734062546	170.911754336663	18110
412619	45	-45.9604382691734	170.892640869638	18110
412620	46	-45.9850424122095	170.87033876157	18110
412621	47	-46.0081967858908	170.845015234801	18110
412622	48	-46.0297232484947	170.816861443402	18110
412623	49	-46.0494559806741	170.786091070177	18110
412624	50	-46.0672428086133	170.752938721645	18110
412625	51	-46.0769444444445	170.730583333333	18110
412626	0	-45.6750833333333	170.304777777778	18111
412627	1	-45.7207777777778	170.356388888889	18111
412628	2	-45.7318611111111	170.36025	18111
412629	3	-45.7693055555556	170.342222222222	18111
412630	4	-45.7903333333333	170.288138888889	18111
412631	5	-45.8386666666667	170.195638888889	18111
412632	6	-45.9206111111111	170.00675	18111
412633	7	-45.9255555555556	169.995694444444	18111
412634	8	-45.8398611111111	169.955944444444	18111
412635	9	-45.6750833333333	170.304777777778	18111
412636	0	-45.4619166666667	170.505944444444	18112
412637	1	-45.6750833333333	170.304777777778	18112
412638	2	-45.8690555555556	169.893638888889	18112
412639	3	-45.9999166666667	169.449222222222	18112
412640	4	-45.943628482895	169.442874771557	18112
412641	5	-45.9000700448286	169.446173332436	18112
412642	6	-45.8568768693571	169.454905013915	18112
412643	7	-45.8143764277557	169.468991079647	18112
412644	8	-45.7728902002965	169.488312894934	18112
412645	9	-45.7327312925963	169.512713167776	18112
412646	10	-45.694202134868	169.541997445527	18112
412647	11	-45.6575922789427	169.57593584747	18112
412648	12	-45.6231763067424	169.61426501334	18112
412649	13	-45.5912118626987	169.65669024787	18112
412650	14	-45.5619378214276	169.702887841685	18112
412651	15	-45.5355726008139	169.752507549347	18112
412652	16	-45.5123126295303	169.805175205947	18112
412653	17	-45.4923309769203	169.86049546434	18112
412654	18	-45.4757761521215	169.918054635849	18112
412655	19	-45.4627710782896	169.977423618001	18112
412656	20	-45.453412246807	170.038160893573	18112
412657	21	-45.4479166666667	170.099611111111	18112
412658	22	-45.4619166666667	170.505944444444	18112
412659	0	-45.6110833333333	171.267819444444	18113
412660	1	-45.9815194444444	170.872163888889	18113
412661	2	-45.9345734062546	170.911754336663	18113
412662	3	-45.9076462871618	170.927537064164	18113
412663	4	-45.879863230478	170.939873052475	18113
412664	5	-45.8514367977883	170.94867315461	18113
412665	6	-45.8225841427987	170.953875607494	18113
412666	7	-45.7935253349625	170.95544634121	18113
412667	8	-45.7644816710302	170.953379068959	18113
412668	9	-45.7356739877073	170.947695162287	18113
412669	10	-45.7073209882796	170.938443317797	18113
412670	11	-45.6796375956398	170.925699023007	18113
412671	12	-45.652833343646	170.909563830282	18113
412672	13	-45.6271108181742	170.890164448767	18113
412673	14	-45.602664158596	170.867651665115	18113
412674	15	-45.579677629748	170.842199104458	18113
412675	16	-45.558324273746	170.81400184354	18113
412676	17	-45.538764650276	170.783274888291	18113
412677	18	-45.5211456732379	170.75025152832	18113
412678	19	-45.505599550868	170.715181580921	18113
412679	20	-45.4922428356964	170.678329537201	18113
412680	21	-45.4811755899393	170.63997262291	18113
412681	22	-45.4724806711581	170.600398786455	18113
412682	23	-45.4662231422661	170.559904626479	18113
412683	24	-45.4624498092072	170.518793271283	18113
412684	25	-45.4619166666667	170.505944444444	18113
412685	26	-45.2205527777778	170.626402777778	18113
412686	27	-45.246015626285	170.76074004946	18113
412687	28	-45.2653041230598	170.827636271769	18113
412688	29	-45.2885864921913	170.891940994514	18113
412689	30	-45.3156903428722	170.953174707805	18113
412690	31	-45.3464147281056	171.010878801682	18113
412691	32	-45.3805315180911	171.064618828913	18113
412692	33	-45.4177869688475	171.11398766053	18113
412693	34	-45.4579034788448	171.158608515121	18113
412694	35	-45.5005815252508	171.198137841737	18113
412695	36	-45.5455017701502	171.232268035063	18113
412696	37	-45.5923273257959	171.260729960443	18113
412697	38	-45.6110833333333	171.267819444444	18113
412698	0	-44.9689722222222	169.476777777778	18114
412699	1	-45.3347777777778	169.161694444444	18114
412700	2	-45.4681944444444	169.046472222222	18114
412701	3	-45.5914166666667	168.904888888889	18114
412702	4	-45.2975555555556	168.781916666667	18114
412703	5	-45.2155	168.786472222222	18114
412704	6	-45.1568888888889	168.792333333333	18114
412705	7	-45.0545833333333	168.802583333333	18114
412706	8	-45.0434444444444	168.83425	18114
412707	9	-45.0464444444444	168.866361111111	18114
412708	10	-45.0751111111111	169.002527777778	18114
412709	11	-45.0792777777778	169.02225	18114
412710	12	-45.0733611111111	169.098333333333	18114
412711	13	-45.0174722222222	169.126333333333	18114
412712	14	-44.9689722222222	169.476777777778	18114
412713	0	-46.3353055555556	169.711138888889	18115
412714	1	-47.1378055555556	169.711138888889	18115
412715	2	-48.15	168.266666666667	18115
412716	3	-45.9166666666667	165.3	18115
412717	4	-44.9530555555556	166.478472222222	18115
412718	5	-45.4418611111111	168.247027777778	18115
412719	6	-45.8439166666667	168.231083333333	18115
412720	7	-45.9345277777778	168.194333333333	18115
412721	8	-46.1646944444444	168.261277777778	18115
412722	9	-46.1700609370602	168.224202616536	18115
412723	10	-46.1765907490527	168.194152376622	18115
412724	11	-46.1849018228674	168.165029919055	18115
412725	12	-46.1949316980202	168.137054569412	18115
412726	13	-46.2066049594176	168.110437351359	18115
412727	14	-46.219833783905	168.08537943767	18115
412728	15	-46.2345185782385	168.062070661943	18115
412729	16	-46.2505487045152	168.040688101029	18115
412730	17	-46.2678032884984	168.02139473809	18115
412731	18	-46.2861521056824	168.004338216064	18115
412732	19	-46.3054565393603	167.98964969112	18115
412733	20	-46.3123611111111	167.985305555556	18115
412734	21	-46.3607222222222	167.785916666667	18115
412735	22	-46.7711666666667	167.964166666667	18115
412736	23	-46.8635	168.231805555556	18115
412737	24	-46.8806944444444	168.548222222222	18115
412738	25	-46.8305555555556	168.8	18115
412739	26	-46.4484166666667	168.846388888889	18115
412740	27	-46.3353055555556	169.711138888889	18115
412741	0	-36.63975	174.767583333333	18116
412742	1	-36.6570460589297	174.792832227119	18116
412743	2	-36.6688188846399	174.806328153177	18116
412744	3	-36.6814891426053	174.81849764583	18116
412745	4	-36.6949608237269	174.829247815702	18116
412746	5	-36.7091317944689	174.838496397935	18116
412747	6	-36.7238945621992	174.846172391567	18116
412748	7	-36.7391370824112	174.852216618164	18116
412749	8	-36.7506111111111	174.855361111111	18116
412750	9	-36.7673611111111	174.834361111111	18116
412751	10	-36.9384166666667	174.552694444444	18116
412752	11	-36.9550277777778	174.478194444444	18116
412753	12	-36.9339635374077	174.446939137996	18116
412754	13	-36.9205390913444	174.431612999591	18116
412755	14	-36.9060962450906	174.417814072823	18116
412756	15	-36.8907454622583	174.405646998888	18116
412757	16	-36.8746040816599	174.395203768686	18116
412758	17	-36.8577954087681	174.386563041729	18116
412759	18	-36.8576666666667	174.386666666667	18116
412760	19	-36.8055	174.427138888889	18116
412761	20	-36.6941388888889	174.610777777778	18116
412762	21	-36.6952777777778	174.616666666667	18116
412763	22	-36.69625	174.635555555556	18116
412764	23	-36.6911666666667	174.653333333333	18116
412765	24	-36.6644444444444	174.697555555556	18116
412766	25	-36.6607222222222	174.743805555556	18116
412767	26	-36.63975	174.767583333333	18116
412768	0	-37.0205416666667	174.619055555556	18117
412769	1	-37.0126888888889	174.655716666667	18117
412770	2	-37.0057305555556	174.699972222222	18117
412771	3	-36.9914861111111	174.760125	18117
412772	4	-36.9600166666667	174.746625	18117
412773	5	-36.9542527777778	174.738552777778	18117
412774	6	-36.9635555555556	174.659833333333	18117
412775	7	-37.0028611111111	174.612527777778	18117
412776	8	-37.0205416666667	174.619055555556	18117
412777	0	-36.976475	174.823341666667	18118
412778	1	-36.9447527777778	174.901402777778	18118
412779	2	-36.9315194444444	174.940216666667	18118
412780	3	-37.0007777777778	174.962277777778	18118
412781	4	-37.0079861111111	174.928677777778	18118
412782	5	-37.0284388888889	174.800566666667	18118
412783	6	-37.0760027777778	174.682741666667	18118
412784	7	-37.0889388888889	174.644336111111	18118
412785	8	-37.0205416666667	174.619055555556	18118
412786	9	-37.0126888888889	174.655716666667	18118
412787	10	-37.0057305555556	174.699972222222	18118
412788	11	-36.9914861111111	174.760125	18118
412789	12	-36.9830666666667	174.795602777778	18118
412790	13	-36.976475	174.823341666667	18118
412791	0	-36.9914861111111	174.760125	18119
412792	1	-36.9600166666667	174.746625	18119
412793	2	-36.9542527777778	174.738552777778	18119
412794	3	-36.9522777777778	174.755194444444	18119
412795	4	-36.9447944444444	174.782186111111	18119
412796	5	-36.9495138888889	174.781194444444	18119
412797	6	-36.9830666666667	174.795602777778	18119
412798	7	-36.9914861111111	174.760125	18119
412799	0	-36.9447944444444	174.782186111111	18120
412800	1	-36.9495138888889	174.781194444444	18120
412801	2	-36.9830666666667	174.795602777778	18120
412802	3	-36.976475	174.823341666667	18120
412803	4	-36.9447527777778	174.901402777778	18120
412804	5	-36.9315194444444	174.940216666667	18120
412805	6	-36.9257777777778	174.938388888889	18120
412806	7	-36.9140833333333	174.90475	18120
412807	8	-36.9313333333333	174.831305555556	18120
412808	9	-36.9433611111111	174.8225	18120
412809	10	-36.9406388888889	174.797333333333	18120
412810	11	-36.9421111111111	174.791861111111	18120
412811	12	-36.9447944444444	174.782186111111	18120
412812	0	-37.0007777777778	174.962277777778	18121
412813	1	-37.0079861111111	174.928677777778	18121
412814	2	-37.0284388888889	174.800566666667	18121
412815	3	-37.0832888888889	174.796822222222	18121
412816	4	-37.0716388888889	174.848083333333	18121
412817	5	-37.0614166666667	174.92225	18121
412818	6	-37.0157777777778	174.941361111111	18121
412819	7	-37.0125444444444	174.950386111111	18121
412820	8	-37.0029444444444	174.957344444444	18121
412821	9	-37.0018972222222	174.959861111111	18121
412822	10	-37.0007777777778	174.962277777778	18121
412823	0	-37.0284388888889	174.800566666667	18122
412824	1	-37.0760027777778	174.682741666667	18122
412825	2	-37.0889388888889	174.644336111111	18122
412826	3	-37.0900555555556	174.64475	18122
412827	4	-37.1084166666667	174.739138888889	18122
412828	5	-37.0880833333333	174.775694444444	18122
412829	6	-37.0832888888889	174.796822222222	18122
412830	7	-37.0284388888889	174.800566666667	18122
412831	0	-37.7323277777778	175.297041666667	18123
412832	1	-37.8451194444444	175.31385	18123
412833	2	-37.8563722222222	175.311794444444	18123
412834	3	-37.8760638888889	175.300813888889	18123
412835	4	-37.9597388888889	175.215255555556	18123
412836	5	-37.9657888888889	175.210291666667	18123
412837	6	-37.8815833333333	175.272972222222	18123
412838	7	-37.873929843711	175.270375688027	18123
412839	8	-37.8696048407946	175.269658118034	18123
412840	9	-37.8652469263522	175.269420841806	18123
412841	10	-37.8608892696086	175.269665580162	18123
412842	11	-37.8565650319584	175.27039038555	18123
412843	12	-37.8523071146821	175.27158965946	18123
412844	13	-37.8481479088163	175.273254197521	18123
412845	14	-37.8441190490747	175.275371261896	18123
412846	15	-37.8402511736785	175.277924680334	18123
412847	16	-37.8365736919061	175.28089497107	18123
412848	17	-37.8331145611098	175.284259492567	18123
412849	18	-37.8299000748692	175.287992616908	18123
412850	19	-37.8269546638681	175.292065925501	18123
412851	20	-37.8253888888889	175.294666666667	18123
412852	21	-37.7323277777778	175.297041666667	18123
412853	0	-37.7645805555556	175.454805555556	18124
412854	1	-37.767625	175.451933333333	18124
412855	2	-37.8561555555556	175.362236111111	18124
412856	3	-37.8665333333333	175.356461111111	18124
412857	4	-37.8879055555556	175.352575	18124
412858	5	-37.9971083333333	175.368977777778	18124
412859	6	-38.0008305555556	175.369216666667	18124
412860	7	-38.0055805555556	175.369	18124
412861	8	-38.0075972222222	175.338547222222	18124
412862	9	-38.0069934204568	175.32103355499	18124
412863	10	-38.0051866401589	175.303654035599	18124
412864	11	-38.0021907202111	175.286541764605	18124
412865	12	-37.9980286053453	175.269827756783	18124
412866	13	-37.9927321670931	175.253639920115	18124
412867	14	-37.986341955221	175.238102060775	18124
412868	15	-37.9789068817309	175.223332922346	18124
412869	16	-37.9704838400593	175.209445267157	18124
412870	17	-37.9690555555556	175.207858333333	18124
412871	18	-37.9657888888889	175.210291666667	18124
412872	19	-37.9597388888889	175.215255555556	18124
412873	20	-37.8760638888889	175.300813888889	18124
412874	21	-37.8563722222222	175.311794444444	18124
412875	22	-37.8451194444444	175.31385	18124
412876	23	-37.7323277777778	175.297041666667	18124
412877	24	-37.7288555555556	175.296933333333	18124
412878	25	-37.7261597330945	175.311104066781	18124
412879	26	-37.7247387488865	175.324773494961	18124
412880	27	-37.7242638888889	175.338547222222	18124
412881	28	-37.7247387488865	175.352320949483	18124
412882	29	-37.7261597330945	175.365990377664	18124
412883	30	-37.7285160809767	175.379451985567	18124
412884	31	-37.7317899475147	175.392603802315	18124
412885	32	-37.7359565363642	175.405346168924	18124
412886	33	-37.7409842849636	175.417582483651	18124
412887	34	-37.7468351002949	175.429219925836	18124
412888	35	-37.7534646436342	175.440170153067	18124
412889	36	-37.7608226622788	175.450349966654	18124
412890	37	-37.7645805555556	175.454805555556	18124
412891	0	-37.767625	175.451933333333	18125
412892	1	-37.8459166666667	175.392861111111	18125
412893	2	-37.853432114041	175.396444607239	18125
412894	3	-37.8576900312919	175.397643899596	18125
412895	4	-37.8620142689265	175.398368716196	18125
412896	5	-37.8663719256649	175.398613458439	18125
412897	6	-37.8707298401124	175.39837617874	18125
412898	7	-37.8750548430442	175.397658597939	18125
412899	8	-37.8793140099274	175.39646609478	18125
412900	9	-37.8834749117566	175.394807667495	18125
412901	10	-37.8875058622874	175.392695867669	18125
412902	11	-37.8913761597711	175.390146706857	18125
412903	12	-37.8950563213356	175.387179536571	18125
412904	13	-37.8985183082046	175.383816902503	18125
412905	14	-37.9017357400182	175.380084374051	18125
412906	15	-37.9046840965929	175.376010350403	18125
412907	16	-37.9061944444444	175.373527777778	18125
412908	17	-38.0058305555556	175.369216666667	18125
412909	18	-37.9971083333333	175.368977777778	18125
412910	19	-37.8879055555556	175.352575	18125
412911	20	-37.8665333333333	175.356461111111	18125
412912	21	-37.8561555555556	175.362236111111	18125
412913	22	-37.767625	175.451933333333	18125
412914	0	-37.6264166666667	176.335416666667	18126
412915	1	-37.6451049946569	176.343709455788	18126
412916	2	-37.6557474542932	176.34671256573	18126
412917	3	-37.666556610688	176.348533347676	18126
412918	4	-37.6774502547374	176.349157435508	18126
412919	5	-37.6883454985316	176.348579553841	18126
412920	6	-37.6991594055541	176.346803574132	18126
412921	7	-37.7098096223588	176.343842501223	18126
412922	8	-37.7181111111111	176.340444444444	18126
412923	9	-37.7141666666667	176.280972222222	18126
412924	10	-37.7162222222222	176.237416666667	18126
412925	11	-37.7244444444444	176.170333333333	18126
412926	12	-37.7038333333333	176.138611111111	18126
412927	13	-37.7057777777778	176.108333333333	18126
412928	14	-37.7026666666667	176.036666666667	18126
412929	15	-37.6883454985316	176.033864890603	18126
412930	16	-37.6774502547374	176.033287008937	18126
412931	17	-37.666556610688	176.033911096769	18126
412932	18	-37.6557474542932	176.035731878715	18126
412933	19	-37.6451049946569	176.038734988656	18126
412934	20	-37.6347101381278	176.042897094487	18126
412935	21	-37.6246418752963	176.048186090089	18126
412936	22	-37.6149766835158	176.054561352644	18126
412937	23	-37.6057879493824	176.061974062932	18126
412938	24	-37.6035	176.064138888889	18126
412939	25	-37.63725	176.162388888889	18126
412940	26	-37.63825	176.177055555556	18126
412941	27	-37.6318611111111	176.184277777778	18126
412942	28	-37.6311388888889	176.306388888889	18126
412943	29	-37.6264166666667	176.335416666667	18126
412944	0	-40.2886111111111	175.755138888889	18127
412945	1	-40.3225833333333	175.747583333333	18127
412946	2	-40.3690277777778	175.662027777778	18127
412947	3	-40.3732777777778	175.624027777778	18127
412948	4	-40.3921111111111	175.434861111111	18127
412949	5	-40.3908888888889	175.357833333333	18127
412950	6	-40.3252777777778	175.378333333333	18127
412951	7	-40.2810277777778	175.464611111111	18127
412952	8	-40.2821944444444	175.516916666667	18127
412953	9	-40.2818888888889	175.527944444444	18127
412954	10	-40.2790277777778	175.554416666667	18127
412955	11	-40.2806944444444	175.628444444444	18127
412956	12	-40.2805	175.637944444444	18127
412957	13	-40.2886111111111	175.755138888889	18127
412958	0	-40.2171944444444	175.541805555556	18128
412959	1	-40.2523611111111	175.533	18128
412960	2	-40.2810277777778	175.464611111111	18128
412961	3	-40.3252777777778	175.378333333333	18128
412962	4	-40.3908888888889	175.357833333333	18128
412963	5	-40.3911944444444	175.315083333333	18128
412964	6	-40.3732777777778	175.227944444444	18128
412965	7	-40.0653055555556	175.125666666667	18128
412966	8	-40.0329444444444	175.160916666667	18128
412967	9	-40.0395277777778	175.17575	18128
412968	10	-40.0469444444444	175.214305555556	18128
412969	11	-40.0580555555556	175.311166666667	18128
412970	12	-40.0576666666667	175.310555555556	18128
412971	13	-40.0848333333333	175.374888888889	18128
412972	14	-40.0875833333333	175.391527777778	18128
412973	15	-40.1793888888889	175.508194444444	18128
412974	16	-40.2171944444444	175.541805555556	18128
412975	0	-38.9914722222222	174.359805555556	18129
412976	1	-39.0601944444444	174.210722222222	18129
412977	2	-39.09625	174.042333333333	18129
412978	3	-39.0377222222222	174.003138888889	18129
412979	4	-38.9602222222222	174.021972222222	18129
412980	5	-38.9374166666667	174.08275	18129
412981	6	-38.8995555555556	174.230416666667	18129
412982	7	-38.9188888888889	174.314361111111	18129
412983	8	-38.9914722222222	174.359805555556	18129
412984	0	-37.9677222222222	176.494777777778	18130
412985	1	-38.1049722222222	176.409277777778	18130
412986	2	-38.21625	176.298527777778	18130
412987	3	-38.2536666666667	176.187666666667	18130
412988	4	-38.2420181466586	176.170707586278	18130
412989	5	-38.2316858276	176.156398637081	18130
412990	6	-38.220411754781	176.143294693426	18130
412991	7	-38.2082821470365	176.131495384511	18130
412992	8	-38.1953897210492	176.121090227708	18130
412993	9	-38.1886666666667	176.11725	18130
412994	10	-38.0490555555556	176.219805555556	18130
412995	11	-37.9079722222222	176.321861111111	18130
412996	12	-37.9110774502854	176.357949688188	18130
412997	13	-37.9148437915816	176.37954353636	18130
412998	14	-37.9200767982934	176.400641954191	18130
412999	15	-37.9267369521744	176.421085492889	18130
413000	16	-37.9347739454947	176.440719536081	18130
413001	17	-37.9441270525233	176.459395447232	18130
413002	18	-37.9547255784666	176.476971676914	18130
413003	19	-37.9664893828412	176.493314822225	18130
413004	20	-37.9677222222222	176.494777777778	18130
413005	0	-38.4630277777778	178.019611111111	18131
413006	1	-38.8272333333333	178.137147222222	18131
413007	2	-38.8408931360459	178.111156504338	18131
413008	3	-38.8493070061517	178.09047223162	18131
413009	4	-38.85628092413	178.068920727466	18131
413010	5	-38.861761384042	178.04666710745	18131
413011	6	-38.8657063270716	178.023882007054	18131
413012	7	-38.8680854723898	178.000740243998	18131
413013	8	-38.8688805555555	177.977419444444	18131
413014	9	-38.8680854723898	177.954098644891	18131
413015	10	-38.8657063270716	177.930956881835	18131
413016	11	-38.8652444444444	177.929288888889	18131
413017	12	-38.5064722222222	177.814638888889	18131
413018	13	-38.4872725824503	177.849664302774	18131
413019	14	-38.479235978597	177.869448198221	18131
413020	15	-38.4725761607677	177.890047634734	18131
413021	16	-38.4673434265551	177.911306836452	18131
413022	17	-38.4635772859892	177.933065162095	18131
413023	18	-38.4613061702515	177.955158292814	18131
413024	19	-38.4605472222222	177.977419444444	18131
413025	20	-38.4613061702515	177.999680596074	18131
413026	21	-38.4630277777778	178.019611111111	18131
413027	0	-39.2893666666667	176.843952777778	18132
413028	1	-39.3379333333333	176.838591666667	18132
413029	2	-39.4605722222222	176.846616666667	18132
413030	3	-39.476275	176.844886111111	18132
413031	4	-39.5960694444444	176.810030555556	18132
413032	5	-39.6154694444444	176.807877777778	18132
413033	6	-39.6058361111111	176.775388888889	18132
413034	7	-39.5878361111111	176.761305555556	18132
413035	8	-39.5558055555556	176.746916666667	18132
413036	9	-39.4989888888889	176.753663888889	18132
413037	10	-39.3455388888889	176.759811111111	18132
413038	11	-39.2907722222222	176.823413888889	18132
413039	12	-39.2893666666667	176.843952777778	18132
413040	0	-39.286325	176.930377777778	18133
413041	1	-39.3435944444444	176.924127777778	18133
413042	2	-39.4634027777778	176.889461111111	18133
413043	3	-39.4791083333333	176.887738888889	18133
413044	4	-39.6017361111111	176.895886111111	18133
413045	5	-39.6211277777778	176.893758333333	18133
413046	6	-39.6225861111111	176.868902777778	18133
413047	7	-39.6219427259194	176.849818216008	18133
413048	8	-39.6200175026221	176.830879954933	18133
413049	9	-39.6168251994157	176.812233149387	18133
413050	10	-39.6154694444444	176.807877777778	18133
413051	11	-39.5960694444444	176.810030555556	18133
413052	12	-39.476275	176.844886111111	18133
413053	13	-39.4605722222222	176.846616666667	18133
413054	14	-39.3379333333333	176.838591666667	18133
413055	15	-39.2893666666667	176.843952777778	18133
413056	16	-39.2838611111111	176.923711111111	18133
413057	17	-39.286325	176.930377777778	18133
413058	0	-39.286325	176.930377777778	18134
413059	1	-39.3156472222222	177.009888888889	18134
413060	2	-39.4768861111111	177.026116666667	18134
413061	3	-39.5673166666667	177.016475	18134
413062	4	-39.5930111111111	176.944063888889	18134
413063	5	-39.602525	176.931358333333	18134
413064	6	-39.6056638888889	176.929541666667	18134
413065	7	-39.6169527777778	176.922794444444	18134
413066	8	-39.6211277777778	176.893758333333	18134
413067	9	-39.6017361111111	176.895886111111	18134
413068	10	-39.4791083333333	176.887738888889	18134
413069	11	-39.4634027777778	176.889461111111	18134
413070	12	-39.3435944444444	176.924127777778	18134
413071	13	-39.286325	176.930377777778	18134
413072	0	-41.1716388888889	173.239527777778	18135
413073	1	-41.2921666666667	173.197083333333	18135
413074	2	-41.3395555555556	173.078194444444	18135
413075	3	-41.2820277777778	173.127027777778	18135
413076	4	-41.17125	173.196638888889	18135
413077	5	-41.1703527777778	173.216297222222	18135
413078	6	-41.1708591189358	173.231734961273	18135
413079	7	-41.1716388888889	173.239527777778	18135
413080	0	-41.1981666666667	173.324555555556	18136
413081	1	-41.2576666666667	173.27825	18136
413082	2	-41.2890833333333	173.254861111111	18136
413083	3	-41.3127777777778	173.235166666667	18136
413084	4	-41.3330277777778	173.211694444444	18136
413085	5	-41.3896944444444	173.144888888889	18136
413086	6	-41.4229722222222	173.091416666667	18136
413087	7	-41.3890277777778	173.047666666667	18136
413088	8	-41.3570277777778	173.032805555556	18136
413089	9	-41.3395555555556	173.078194444444	18136
413090	10	-41.2921666666667	173.197083333333	18136
413091	11	-41.1716388888889	173.239527777778	18136
413092	12	-41.1748868955331	173.262144194522	18136
413093	13	-41.178377859976	173.276885595861	18136
413094	14	-41.1828207911481	173.291168522256	18136
413095	15	-41.1881820655261	173.304884779378	18136
413096	16	-41.1944211006484	173.317930390707	18136
413097	17	-41.1981666666667	173.324555555556	18136
413098	0	-41.2046111111111	173.335111111111	18137
413099	1	-41.2486388888889	173.314083333333	18137
413100	2	-41.2978888888889	173.279416666667	18137
413101	3	-41.3238888888889	173.250888888889	18137
413102	4	-41.3656944444444	173.200472222222	18137
413103	5	-41.3983611111111	173.169694444444	18137
413104	6	-41.4092222222222	173.135194444444	18137
413105	7	-41.4229722222222	173.091416666667	18137
413106	8	-41.3896944444444	173.144888888889	18137
413107	9	-41.3330277777778	173.211694444444	18137
413108	10	-41.3127777777778	173.235166666667	18137
413109	11	-41.2890833333333	173.254861111111	18137
413110	12	-41.2576666666667	173.27825	18137
413111	13	-41.1981666666667	173.324555555556	18137
413112	14	-41.2046111111111	173.335111111111	18137
413113	0	-41.1486944444444	174.873861111111	18138
413114	1	-41.1832777777778	174.890416666667	18138
413115	2	-41.2935833333333	174.853555555556	18138
413116	3	-41.3335555555556	174.837138888889	18138
413117	4	-41.3564722222222	174.849305555556	18138
413118	5	-41.4570277777778	174.864111111111	18138
413119	6	-41.46032512026	174.845925068265	18138
413120	7	-41.4617512014097	174.831498727716	18138
413121	8	-41.4622277777778	174.816961111111	18138
413122	9	-41.4617512014097	174.802423494506	18138
413123	10	-41.46032512026	174.787997153957	18138
413124	11	-41.4579604497871	174.773792499155	18138
413125	12	-41.4546752879738	174.75991821426	18138
413126	13	-41.4504947744784	174.74648041305	18138
413127	14	-41.4454508950873	174.733581815368	18138
413128	15	-41.4395822330862	174.721320951631	18138
413129	16	-41.4372222222222	174.717777777778	18138
413130	17	-41.3665277777778	174.757027777778	18138
413131	18	-41.3457222222222	174.778333333333	18138
413132	19	-41.3411111111111	174.778111111111	18138
413133	20	-41.3	174.775916666667	18138
413134	21	-41.2922777777778	174.7755	18138
413135	22	-41.2793888888889	174.765777777778	18138
413136	23	-41.2111666666667	174.742111111111	18138
413137	24	-41.1996944444444	174.754305555556	18138
413138	25	-41.1837222222222	174.759166666667	18138
413139	26	-41.1528611111111	174.768583333333	18138
413140	27	-41.1491388888889	174.83325	18138
413141	28	-41.1486944444444	174.873861111111	18138
413142	0	-41.1832777777778	174.890416666667	18139
413143	1	-41.2437777777778	174.919472222222	18139
413144	2	-41.2935833333333	174.853555555556	18139
413145	3	-41.1832777777778	174.890416666667	18139
413146	0	-41.2437777777778	174.919472222222	18140
413147	1	-41.2611666666667	174.927833333333	18140
413148	2	-41.2930833333333	174.914305555556	18140
413149	3	-41.3674444444444	174.883111111111	18140
413150	4	-41.3800833333333	174.891305555556	18140
413151	5	-41.3833888888889	174.893416666667	18140
413152	6	-41.4126111111111	174.912361111111	18140
413153	7	-41.4321111111111	174.925111111111	18140
413154	8	-41.3564722222222	174.849305555556	18140
413155	9	-41.3335555555556	174.837138888889	18140
413156	10	-41.2935833333333	174.853555555556	18140
413157	11	-41.2437777777778	174.919472222222	18140
413158	0	-41.3564722222222	174.849305555556	18141
413159	1	-41.4321111111111	174.925111111111	18141
413160	2	-41.4395822330862	174.912601270592	18141
413161	3	-41.4454508950873	174.900340406854	18141
413162	4	-41.4504947744784	174.887441809172	18141
413163	5	-41.4546752879738	174.874004007962	18141
413164	6	-41.4570277777778	174.864111111111	18141
413165	7	-41.3564722222222	174.849305555556	18141
413166	0	-41.3411111111111	174.778111111111	18142
413167	1	-41.3457222222222	174.778333333333	18142
413168	2	-41.3665277777778	174.757027777778	18142
413169	3	-41.4372222222222	174.717777777778	18142
413170	4	-41.4255560353924	174.699081075364	18142
413171	5	-41.4175057169113	174.689271536858	18142
413172	6	-41.4088442199091	174.680437384168	18142
413173	7	-41.4040833333333	174.676444444444	18142
413174	8	-41.3940277777778	174.685944444444	18142
413175	9	-41.3411111111111	174.778111111111	18142
413176	0	-41.3	174.775925	18143
413177	1	-41.3411111111111	174.778111111111	18143
413178	2	-41.3940277777778	174.685944444444	18143
413179	3	-41.3621666666667	174.716	18143
413180	4	-41.3107777777778	174.745444444444	18143
413181	5	-41.2705833333333	174.713666666667	18143
413182	6	-41.2518055555556	174.698861111111	18143
413183	7	-41.2458888888889	174.705166666667	18143
413184	8	-41.3	174.775925	18143
413185	0	-41.2111666666667	174.742111111111	18144
413186	1	-41.2793888888889	174.765777777778	18144
413187	2	-41.2922777777778	174.7755	18144
413188	3	-41.3	174.775916666667	18144
413189	4	-41.2458888888889	174.705166666667	18144
413190	5	-41.2111666666667	174.742111111111	18144
413191	0	-41.53575	174.141861111111	18145
413192	1	-41.5394444444444	174.029222222222	18145
413193	2	-41.53625	173.865055555556	18145
413194	3	-41.5658055555555	173.705833333333	18145
413195	4	-41.5715833333333	173.661666666667	18145
413196	5	-41.5332777777778	173.631916666667	18145
413197	6	-41.5192777777778	173.624083333333	18145
413198	7	-41.4770833333333	173.663694444444	18145
413199	8	-41.4814722222222	173.70225	18145
413200	9	-41.5028333333333	173.861638888889	18145
413201	10	-41.4730277777778	174.019361111111	18145
413202	11	-41.4656388888889	174.073555555556	18145
413203	12	-41.5	174.133333333333	18145
413204	13	-41.53575	174.141861111111	18145
413205	0	-41.4656388888889	174.073555555556	18146
413206	1	-41.4730277777778	174.019361111111	18146
413207	2	-41.5028333333333	173.861638888889	18146
413208	3	-41.4814722222222	173.70225	18146
413209	4	-41.4770833333333	173.663694444444	18146
413210	5	-41.4512777777778	173.719583333333	18146
413211	6	-41.4505277777778	173.777388888889	18146
413212	7	-41.4395555555556	173.965	18146
413213	8	-41.4402222222222	174.029333333333	18146
413214	9	-41.4656388888889	174.073555555556	18146
413215	0	-41.53575	174.141861111111	18147
413216	1	-41.5580277777778	174.147111111111	18147
413217	2	-41.5737777777778	174.148388888889	18147
413218	3	-41.5675	174.064583333333	18147
413219	4	-41.5728611111111	173.931833333333	18147
413220	5	-41.6098055555556	173.832083333333	18147
413221	6	-41.61575	173.816138888889	18147
413222	7	-41.6193611111111	173.698805555556	18147
413223	8	-41.5715833333333	173.661666666667	18147
413224	9	-41.5658055555555	173.705833333333	18147
413225	10	-41.53625	173.865055555556	18147
413226	11	-41.5394444444444	174.029222222222	18147
413227	12	-41.53575	174.141861111111	18147
413228	0	-46.3216944444444	168.456916666667	18148
413229	1	-46.3262222222222	168.446583333333	18148
413230	2	-46.3960555555556	168.306944444444	18148
413231	3	-46.4271944444444	168.140527777778	18148
413232	4	-46.4332222222222	168.115194444444	18148
413233	5	-46.4022222222222	168.123111111111	18148
413234	6	-46.3170833333333	168.364527777778	18148
413235	7	-46.3216944444444	168.456916666667	18148
413236	0	-46.3216944444444	168.456916666667	18149
413237	1	-46.3935277777778	168.503611111111	18149
413238	2	-46.3956944444444	168.494666666667	18149
413239	3	-46.4045833333333	168.44775	18149
413240	4	-46.4312777777778	168.324722222222	18149
413241	5	-46.4525555555556	168.277222222222	18149
413242	6	-46.4967777777778	168.188277777778	18149
413243	7	-46.5064444444444	168.165694444444	18149
413244	8	-46.4332222222222	168.115194444444	18149
413245	9	-46.4271944444444	168.140527777778	18149
413246	10	-46.3960555555556	168.306944444444	18149
413247	11	-46.3262222222222	168.446583333333	18149
413248	12	-46.3216944444444	168.456916666667	18149
413249	0	-46.3935277777778	168.503611111111	18150
413250	1	-46.4407777777778	168.505305555556	18150
413251	2	-46.5229444444444	168.198138888889	18150
413252	3	-46.5064444444444	168.165694444444	18150
413253	4	-46.4967777777778	168.188277777778	18150
413254	5	-46.4525555555556	168.277222222222	18150
413255	6	-46.4312777777778	168.324722222222	18150
413256	7	-46.4045833333333	168.44775	18150
413257	8	-46.3956944444444	168.494666666667	18150
413258	9	-46.3935277777778	168.503611111111	18150
413259	0	-44.9316388888889	169.130194444444	18151
413260	1	-45.0174722222222	169.126333333333	18151
413261	2	-45.0733611111111	169.098333333333	18151
413262	3	-45.0792777777778	169.02225	18151
413263	4	-45.0751111111111	169.002527777778	18151
413264	5	-45.0464444444444	168.866361111111	18151
413265	6	-45.0434444444444	168.83425	18151
413266	7	-45.0545833333333	168.802583333333	18151
413267	8	-45.1568888888889	168.792333333333	18151
413268	9	-45.2155	168.786472222222	18151
413269	10	-45.2106388888889	168.651	18151
413270	11	-45.1948888888889	168.611027777778	18151
413271	12	-45.1532222222222	168.634777777778	18151
413272	13	-45.1080555555556	168.660527777778	18151
413273	14	-45.1019444444444	168.647611111111	18151
413274	15	-45.1288055555556	168.559833333333	18151
413275	16	-45.1555555555556	168.501277777778	18151
413276	17	-45.202	168.399555555556	18151
413277	18	-45.2218611111111	168.309666666667	18151
413278	19	-45.2037222222222	168.256666666667	18151
413279	20	-45.1687222222222	168.233222222222	18151
413280	21	-45.1446944444444	168.217111111111	18151
413281	22	-45.0622222222222	168.460111111111	18151
413282	23	-45.0003055555556	168.567555555556	18151
413283	24	-44.96375	168.650888888889	18151
413284	25	-44.9261944444444	168.725861111111	18151
413285	26	-44.9158055555556	168.739722222222	18151
413286	27	-44.9099166666667	168.836361111111	18151
413287	28	-44.9075277777778	168.875361111111	18151
413288	29	-44.9197777777778	168.94275	18151
413289	30	-44.93225	169.0115	18151
413290	31	-44.9276388888889	169.0515	18151
413291	32	-44.9316388888889	169.130194444444	18151
413292	0	-43.3835	172.545388888889	18152
413293	1	-43.4299444444444	172.545083333333	18152
413294	2	-43.4435	172.539277777778	18152
413295	3	-43.473	172.513694444444	18152
413296	4	-43.4909166666667	172.486444444444	18152
413297	5	-43.5035555555556	172.443777777778	18152
413298	6	-43.4689444444444	172.429527777778	18152
413299	7	-43.4660969632383	172.427996117321	18152
413300	8	-43.4641627890821	172.426607610818	18152
413301	9	-43.4623237867049	172.424992221834	18152
413302	10	-43.4605939427234	172.42316225637	18152
413303	11	-43.4589864123841	172.421131648856	18152
413304	12	-43.4575134197448	172.418915855874	18152
413305	13	-43.4561861649521	172.416531738458	18152
413306	14	-43.455014739312	172.413997433843	18152
413307	15	-43.4543055555556	172.412138888889	18152
413308	16	-43.4485833333333	172.4015	18152
413309	17	-43.4376944444444	172.380916666667	18152
413310	18	-43.3738055555556	172.455111111111	18152
413311	19	-43.3803055555556	172.479805555556	18152
413312	20	-43.3895833333333	172.513944444444	18152
413313	21	-43.3835	172.545388888889	18152
413314	0	-43.4166666666667	172.693027777778	18153
413315	1	-43.45025	172.699388888889	18153
413316	2	-43.4710833333333	172.699472222222	18153
413317	3	-43.4715	172.655638888889	18153
413318	4	-43.4975277777778	172.596305555556	18153
413319	5	-43.4992222222222	172.569472222222	18153
413320	6	-43.5155833333333	172.54775	18153
413321	7	-43.5303611111111	172.544694444444	18153
413322	8	-43.5785833333333	172.517222222222	18153
413323	9	-43.6120555555556	172.495722222222	18153
413324	10	-43.6138055555556	172.462388888889	18153
413325	11	-43.5817777777778	172.409888888889	18153
413326	12	-43.5567777777778	172.368666666667	18153
413327	13	-43.5301666666667	172.380055555556	18153
413328	14	-43.5035555555556	172.443777777778	18153
413329	15	-43.4909166666667	172.486444444444	18153
413330	16	-43.473	172.513694444444	18153
413331	17	-43.4435	172.539277777778	18153
413332	18	-43.4299444444444	172.545083333333	18153
413333	19	-43.3835	172.545388888889	18153
413334	20	-43.3802222222222	172.562222222222	18153
413335	21	-43.3610833333333	172.569777777778	18153
413336	22	-43.3613333333333	172.607638888889	18153
413337	23	-43.3796111111111	172.644305555556	18153
413338	24	-43.4166666666667	172.693027777778	18153
413339	0	-43.4710833333333	172.699472222222	18154
413340	1	-43.5228888888889	172.699638888889	18154
413341	2	-43.5651666666667	172.647583333333	18154
413342	3	-43.6045555555556	172.597972222222	18154
413343	4	-43.6110555555556	172.515	18154
413344	5	-43.6120555555556	172.495722222222	18154
413345	6	-43.5785833333333	172.517222222222	18154
413346	7	-43.5303611111111	172.544694444444	18154
413347	8	-43.5155833333333	172.54775	18154
413348	9	-43.4992222222222	172.569472222222	18154
413349	10	-43.4975277777778	172.596305555556	18154
413350	11	-43.4715	172.655638888889	18154
413351	12	-43.4710833333333	172.699472222222	18154
413352	0	-45.7585277777778	170.429194444444	18155
413353	1	-45.8793055555556	170.21775	18155
413354	2	-45.9096388888889	170.173194444444	18155
413355	3	-45.9270555555556	170.115027777778	18155
413356	4	-45.9898888888889	169.947305555556	18155
413357	5	-46.0180833333333	169.885805555556	18155
413358	6	-46.0195833333333	169.881777777778	18155
413359	7	-46.0086666666667	169.873694444444	18155
413360	8	-45.9783888888889	169.877583333333	18155
413361	9	-45.9206111111111	170.00675	18155
413362	10	-45.8386666666667	170.195638888889	18155
413363	11	-45.7903333333333	170.288138888889	18155
413364	12	-45.7433888888889	170.408972222222	18155
413365	13	-45.7585277777778	170.429194444444	18155
413366	0	-45.8433333333333	170.515694444444	18156
413367	1	-45.9354722222222	170.2715	18156
413368	2	-45.9531666666667	170.212305555556	18156
413369	3	-45.9828333333333	170.168	18156
413370	4	-46.0658055555555	170.019166666667	18156
413371	5	-46.0807222222222	169.986638888889	18156
413372	6	-46.1043611111111	169.944638888889	18156
413373	7	-46.0195833333333	169.881777777778	18156
413374	8	-46.0180833333333	169.885805555556	18156
413375	9	-45.9898888888889	169.947305555556	18156
413376	10	-45.9270555555556	170.115027777778	18156
413377	11	-45.9096388888889	170.173194444444	18156
413378	12	-45.8793055555556	170.21775	18156
413379	13	-45.7585277777778	170.429194444444	18156
413380	14	-45.7945	170.477305555556	18156
413381	15	-45.8433333333333	170.515694444444	18156
413382	0	-45.8433333333333	170.515694444444	18157
413383	1	-45.9100555555556	170.568416666667	18157
413384	2	-46.0578333333333	170.218416666667	18157
413385	3	-46.1183888888889	169.955083333333	18157
413386	4	-46.1043611111111	169.944638888889	18157
413387	5	-46.0807222222222	169.986638888889	18157
413388	6	-46.0658055555555	170.019166666667	18157
413389	7	-45.9828333333333	170.168	18157
413390	8	-45.9531666666667	170.212305555556	18157
413391	9	-45.9354722222222	170.2715	18157
413392	10	-45.8433333333333	170.515694444444	18157
413393	0	-39.12725	171.556027777778	18158
413394	1	-38.8654137136019	171.306665734618	18158
413395	2	-38.6144539641043	171.118738254117	18158
413396	3	-38.3514585088679	170.960720270826	18158
413397	4	-38.0785432428176	170.833543741391	18158
413398	5	-37.7978782036271	170.737863839179	18158
413399	6	-37.5116686876121	170.674065500012	18158
413400	7	-37.2221369695405	170.642272450139	18158
413401	8	-36.9315047622997	170.642358202372	18158
413402	9	-36.6419765158589	170.673958538424	18158
413403	10	-36.3557236227791	170.736485041868	18158
413404	11	-36.0748695703048	170.829139301572	18158
413405	12	-35.8014760570934	170.950927465357	18158
413406	13	-35.5375300757814	171.100674884095	18158
413407	14	-35.2849319505061	171.277040644426	18158
413408	15	-35.0454843106387	171.478531841574	18158
413409	16	-34.8208819776851	171.703517490909	18158
413410	17	-34.6127027408708	171.95024201714	18158
413411	18	-34.4223989976351	172.216838293204	18158
413412	19	-34.2512902374691	172.501340227193	18158
413413	20	-34.100556350637	172.801694915613	18158
413414	21	-33.9712317468382	173.115774395658	18158
413415	22	-33.8642002723817	173.441387038891	18158
413416	23	-33.7801909176668	173.776288634654	18158
413417	24	-33.719774309494	174.118193214651	18158
413418	25	-33.6833599848636	174.464783671279	18158
413419	26	-33.6711944444445	174.813722222222	18158
413420	27	-33.6833599848636	175.162660773165	18158
413421	28	-33.719774309494	175.509251229793	18158
413422	29	-33.7801909176668	175.85115580979	18158
413423	30	-33.8642002723817	176.186057405554	18158
413424	31	-33.9712317468382	176.511670048787	18158
413425	32	-34.100556350637	176.825749528832	18158
413426	33	-34.2512902374691	177.126104217251	18158
413427	34	-34.4223989976351	177.41060615124	18158
413428	35	-34.6127027408708	177.677202427305	18158
413429	36	-34.8208819776851	177.923926953536	18158
413430	37	-35.0454843106387	178.148912602871	18158
413431	38	-35.2849319505061	178.350403800019	18158
413432	39	-35.5375300757814	178.526769560349	18158
413433	40	-35.8014760570934	178.676516979088	18158
413434	41	-36.0748695703048	178.798305142873	18158
413435	42	-36.3557236227791	178.890959402576	18158
413436	43	-36.6419765158589	178.95348590602	18158
413437	44	-36.9315047622997	178.985086242073	18158
413438	45	-37.2221369695405	178.985171994305	18158
413439	46	-37.5116686876121	178.953378944432	18158
413440	47	-37.5415277777778	178.935805555556	18158
413441	48	-38.45	-179.733333333333	18158
413442	49	-42.8583333333333	175.05	18158
413443	50	-48.15	168.266666666667	18158
413444	51	-45.9166666666667	165.3	18158
413445	52	-41.4241666666667	170.39	18158
413446	53	-40.9626752868757	170.417706219841	18158
413447	54	-40.676789213803	170.486827933093	18158
413448	55	-40.3964643778562	170.587769260378	18158
413449	56	-40.1237451224088	170.719407703846	18158
413450	57	-39.8605972569052	170.880438482274	18158
413451	58	-39.6088967936823	171.069391085497	18158
413452	59	-39.3704196729567	171.284645205953	18158
413453	60	-39.1468324315995	171.524445952539	18158
413454	61	-39.12725	171.556027777778	18158
413455	0	-34.5	174.833333333333	18159
413456	1	-35	174.833333333333	18159
413457	2	-35	174.25	18159
413458	3	-34.5	174.25	18159
413459	4	-34.5	174.833333333333	18159
413460	0	-36.4275305555556	174.160666666667	18160
413461	1	-36.4282896820167	174.171457619042	18160
413462	2	-36.4305440394803	174.181921311367	18160
413463	3	-36.4342252564385	174.191740352955	18160
413464	4	-36.439221674085	174.200616800864	18160
413465	5	-36.4453817157923	174.208281164113	18160
413466	6	-36.4525184641795	174.214500565996	18160
413467	7	-36.4604153101159	174.219085819625	18160
413468	8	-36.4688325056713	174.221897201813	18160
413469	9	-36.4775144253484	174.222848746828	18160
413470	10	-36.486197317795	174.221910923791	18160
413471	11	-36.4946173143289	174.219111608512	18160
413472	12	-36.5025184516143	174.214535311277	18160
413473	13	-36.509660464122	174.208320674999	18160
413474	14	-36.5158261077915	174.200656311761	18160
413475	15	-36.5208277895624	174.191775098264	18160
413476	16	-36.5245132978756	174.181947100286	18160
413477	17	-36.5267704563229	174.171471341041	18160
413478	18	-36.5275305555556	174.160666666667	18160
413479	19	-36.5267704563229	174.149861992293	18160
413480	20	-36.5245132978756	174.139386233047	18160
413481	21	-36.5208277895624	174.129558235069	18160
413482	22	-36.5158261077915	174.120677021573	18160
413483	23	-36.509660464122	174.113012658334	18160
413484	24	-36.5025184516143	174.106798022056	18160
413485	25	-36.4946173143289	174.102221724821	18160
413486	26	-36.486197317795	174.099422409543	18160
413487	27	-36.4775144253484	174.098484586505	18160
413488	28	-36.4688325056713	174.099436131521	18160
413489	29	-36.4604153101159	174.102247513709	18160
413490	30	-36.4525184641795	174.106832767337	18160
413491	31	-36.4453817157923	174.11305216922	18160
413492	32	-36.439221674085	174.12071653247	18160
413493	33	-36.4342252564385	174.129592980378	18160
413494	34	-36.4305440394803	174.139412021966	18160
413495	35	-36.4282896820167	174.149875714292	18160
413496	36	-36.4275305555556	174.160666666667	18160
413497	0	-36.3507777777778	174.302166666667	18161
413498	1	-36.5437222222222	174.347277777778	18161
413499	2	-36.5721055613103	174.313286185984	18161
413500	3	-36.5951149552962	174.291142047934	18161
413501	4	-36.6147222222222	174.276055555556	18161
413502	5	-36.6333333333333	174.15	18161
413503	6	-36.55	173.966666666667	18161
413504	7	-36.3349722222222	174.016777777778	18161
413505	8	-36.3108055555556	174.162833333333	18161
413506	9	-36.3507777777778	174.302166666667	18161
413507	0	-36.7368083333333	174.631222222222	18162
413508	1	-36.7375674542873	174.642056493821	18162
413509	2	-36.7398217958922	174.652562198645	18162
413510	3	-36.7435029885498	174.662420677841	18162
413511	4	-36.7484993763799	174.671332796394	18162
413512	5	-36.7546593863464	174.679027982807	18162
413513	6	-36.7617961048929	174.68527242385	18162
413514	7	-36.7696929264861	174.68987616855	18162
413515	8	-36.7781101061323	174.692698925683	18162
413516	9	-36.7867920202552	174.693654375531	18162
413517	10	-36.795474918176	174.69271285904	18162
413518	11	-36.8038949305558	174.6899023547	18162
413519	12	-36.8117960921498	174.685307704362	18162
413520	13	-36.8189381344971	174.679068102335	18162
413521	14	-36.8251038099362	174.671372915932	18162
413522	15	-36.830105521571	174.662455958381	18162
413523	16	-36.8337910542354	174.652588384827	18162
413524	17	-36.8360482285794	174.6420704272	18162
413525	18	-36.8368083333333	174.631222222222	18162
413526	19	-36.8360482285794	174.620374017245	18162
413527	20	-36.8337910542354	174.609856059618	18162
413528	21	-36.830105521571	174.599988486063	18162
413529	22	-36.8251038099362	174.591071528512	18162
413530	23	-36.8189381344971	174.583376342109	18162
413531	24	-36.8117960921498	174.577136740083	18162
413532	25	-36.8038949305558	174.572542089745	18162
413533	26	-36.795474918176	174.569731585404	18162
413534	27	-36.7867920202552	174.568790068913	18162
413535	28	-36.7781101061323	174.569745518761	18162
413536	29	-36.7696929264861	174.572568275894	18162
413537	30	-36.7617961048929	174.577172020594	18162
413538	31	-36.7546593863464	174.583416461637	18162
413539	32	-36.7484993763799	174.591111648051	18162
413540	33	-36.7435029885498	174.600023766603	18162
413541	34	-36.7398217958922	174.609882245799	18162
413542	35	-36.7375674542873	174.620387950623	18162
413543	36	-36.7368083333333	174.631222222222	18162
413544	0	-37.0476111111111	175.015694444444	18163
413545	1	-37.0566666666667	175.015333333333	18163
413546	2	-37.0586111111111	175.008861111111	18163
413547	3	-37.0633055555556	175.013027777778	18163
413548	4	-37.0775833333333	175.011333333333	18163
413549	5	-37.0768611111111	174.998	18163
413550	6	-37.0764722222222	174.993444444444	18163
413551	7	-37.0546388888889	174.988472222222	18163
413552	8	-37.0481111111111	174.993555555556	18163
413553	9	-37.0448055555556	175.003944444444	18163
413554	10	-37.0476111111111	175.015694444444	18163
413555	0	-35.8333333333333	176.416666666667	18164
413556	1	-36.3333333333333	176.416666666667	18164
413557	2	-36.3333333333333	175.833333333333	18164
413558	3	-35.8333333333333	175.833333333333	18164
413559	4	-35.8333333333333	176.416666666667	18164
413560	0	-35.3333333333333	177.291666666667	18165
413561	1	-36.3333333333333	177.291666666667	18165
413562	2	-36.3333333333333	176.416666666667	18165
413563	3	-35.8333333333333	176.416666666667	18165
413564	4	-35.8333333333333	175.833333333333	18165
413565	5	-35.3333333333333	176.416666666667	18165
413566	6	-35.3333333333333	177.291666666667	18165
413567	0	-35.3333333333333	178.166666666667	18166
413568	1	-36.3333333333333	178.166666666667	18166
413569	2	-36.3333333333333	177.291666666667	18166
413570	3	-35.3333333333333	177.291666666667	18166
413571	4	-35.3333333333333	178.166666666667	18166
413572	0	-36.3333333333333	177.291666666667	18167
413573	1	-37.3333333333333	177.291666666667	18167
413574	2	-37.3388888888889	176.416666666667	18167
413575	3	-36.3333333333333	176.416666666667	18167
413576	4	-36.3333333333333	177.291666666667	18167
413577	0	-36.3333333333333	178.166666666667	18168
413578	1	-37.3333333333333	178.166666666667	18168
413579	2	-37.3333333333333	177.291666666667	18168
413580	3	-36.3333333333333	177.291666666667	18168
413581	4	-36.3333333333333	178.166666666667	18168
413582	0	-39.2954722222222	175.731583333333	18169
413583	1	-39.31075	175.71825	18169
413584	2	-39.3871388888889	175.694638888889	18169
413585	3	-39.3871388888889	175.687694444444	18169
413586	4	-39.3649166666667	175.68075	18169
413587	5	-39.3649166666667	175.665472222222	18169
413588	6	-39.3315833333333	175.644638888889	18169
413589	7	-39.3163055555556	175.621027777778	18169
413590	8	-39.2926944444444	175.647416666667	18169
413591	9	-39.2968611111111	175.671027777778	18169
413592	10	-39.2888055555556	175.704638888889	18169
413593	11	-39.2954722222222	175.731583333333	18169
413594	0	-39.2590833333333	175.938805555556	18170
413595	1	-39.2696388888889	175.981305555556	18170
413596	2	-39.2863055555556	176.004361111111	18170
413597	3	-39.2863055555556	175.975194444444	18170
413598	4	-39.3538055555556	175.975194444444	18170
413599	5	-39.3543611111111	176.032138888889	18170
413600	6	-39.4135277777778	176.00825	18170
413601	7	-39.5010277777778	175.901027777778	18170
413602	8	-39.5204722222222	175.866861111111	18170
413603	9	-39.5046388888889	175.833527777778	18170
413604	10	-39.5215833333333	175.701305555556	18170
413605	11	-39.5110277777778	175.697611111111	18170
413606	12	-39.5010277777778	175.688777777778	18170
413607	13	-39.4930277777778	175.686305555556	18170
413608	14	-39.4760277777778	175.684916666667	18170
413609	15	-39.4676944444444	175.687694444444	18170
413610	16	-39.4649166666667	175.686305555556	18170
413611	17	-39.4176944444444	175.698805555556	18170
413612	18	-39.3913055555556	175.721027777778	18170
413613	19	-39.3815833333333	175.722416666667	18170
413614	20	-39.3204722222222	175.741861111111	18170
413615	21	-39.3093611111111	175.753527777778	18170
413616	22	-39.2876944444444	175.751861111111	18170
413617	23	-39.2935277777778	175.86325	18170
413618	24	-39.2810277777778	175.926583333333	18170
413619	25	-39.2590833333333	175.938805555556	18170
413620	0	-40.0965833333333	175.0295	18171
413621	1	-40.1313414220773	175.012949298885	18171
413622	2	-40.1568679133303	175.005395089446	18171
413623	3	-40.1828003146985	175.000775907431	18171
413624	4	-40.2089416216836	174.999130219833	18171
413625	5	-40.2350930148651	175.000473981749	18171
413626	6	-40.2610553683992	175.004800411047	18171
413627	7	-40.2866307678234	175.012079935094	18171
413628	8	-40.3116240255877	175.022260313162	18171
413629	9	-40.3263333333333	175.030888888889	18171
413630	10	-40.5943333333333	174.183583333333	18171
413631	11	-40.4615034582852	174.122370641017	18171
413632	12	-40.3760726715527	174.099191457171	18171
413633	13	-40.2894269934666	174.085919404167	18171
413634	14	-40.2022290482004	174.082617734248	18171
413635	15	-40.1151431130044	174.089273176869	18171
413636	16	-40.0288300667776	174.1057972101	18171
413637	17	-39.9439424412916	174.132027868852	18171
413638	18	-39.8611196087121	174.167732043105	18171
413639	19	-39.8284444444445	174.188416666667	18171
413640	20	-40.0965833333333	175.0295	18171
413641	0	-39.2954722222222	175.731583333333	18172
413642	1	-39.31075	175.71825	18172
413643	2	-39.3871388888889	175.694638888889	18172
413644	3	-39.3871388888889	175.687694444444	18172
413645	4	-39.3649166666667	175.68075	18172
413646	5	-39.3649166666667	175.665472222222	18172
413647	6	-39.3315833333333	175.644638888889	18172
413648	7	-39.3163055555556	175.621027777778	18172
413649	8	-39.2926944444444	175.647416666667	18172
413650	9	-39.2968611111111	175.671027777778	18172
413651	10	-39.2888055555556	175.704638888889	18172
413652	11	-39.2954722222222	175.731583333333	18172
413653	0	-39.2590833333333	175.938805555556	18173
413654	1	-39.2696388888889	175.981305555556	18173
413655	2	-39.2863055555556	176.004361111111	18173
413656	3	-39.2863055555556	175.975194444444	18173
413657	4	-39.3538055555556	175.975194444444	18173
413658	5	-39.3543611111111	176.032138888889	18173
413659	6	-39.4135277777778	176.00825	18173
413660	7	-39.5010277777778	175.901027777778	18173
413661	8	-39.5204722222222	175.866861111111	18173
413662	9	-39.5046388888889	175.833527777778	18173
413663	10	-39.5215833333333	175.701305555556	18173
413664	11	-39.5110277777778	175.697611111111	18173
413665	12	-39.5010277777778	175.688777777778	18173
413666	13	-39.4930277777778	175.686305555556	18173
413667	14	-39.4760277777778	175.684916666667	18173
413668	15	-39.4676944444444	175.687694444444	18173
413669	16	-39.4649166666667	175.686305555556	18173
413670	17	-39.4176944444444	175.698805555556	18173
413671	18	-39.3913055555556	175.721027777778	18173
413672	19	-39.3815833333333	175.722416666667	18173
413673	20	-39.3204722222222	175.741861111111	18173
413674	21	-39.3093611111111	175.753527777778	18173
413675	22	-39.2876944444444	175.751861111111	18173
413676	23	-39.2935277777778	175.86325	18173
413677	24	-39.2810277777778	175.926583333333	18173
413678	25	-39.2590833333333	175.938805555556	18173
413679	0	-39.3163055555556	175.621027777778	18174
413680	1	-39.3315833333333	175.644638888889	18174
413681	2	-39.3649166666667	175.665472222222	18174
413682	3	-39.3649166666667	175.68075	18174
413683	4	-39.3871388888889	175.687694444444	18174
413684	5	-39.3968611111111	175.687944444444	18174
413685	6	-39.4372777777778	175.64975	18174
413686	7	-39.4525	175.664333333333	18174
413687	8	-39.4656944444444	175.658944444444	18174
413688	9	-39.4673611111111	175.589527777778	18174
413689	10	-39.4482777777778	175.515194444444	18174
413690	11	-39.3163055555556	175.621027777778	18174
413691	0	-40.1377861111111	175.224833333333	18175
413692	1	-40.1387979405077	175.239976262038	18175
413693	2	-40.141802773588	175.254660400596	18175
413694	3	-40.1467095658064	175.268440740408	18175
413695	4	-40.1533696188223	175.280899436171	18175
413696	5	-40.1615810515422	175.291658397941	18175
413697	6	-40.171094876335	175.300390723402	18175
413698	7	-40.1816225027201	175.306830629746	18175
413699	8	-40.1928444479302	175.310781583628	18175
413700	9	-40.2044199966763	175.312122375804	18175
413701	10	-40.2159975223604	175.31081094362	18175
413702	11	-40.2272251599382	175.306885808497	18175
413703	12	-40.237761507541	175.300465065565	18175
413704	13	-40.247286030498	175.291742936775	18175
413705	14	-40.255508847975	175.280983975053	18175
413706	15	-40.2621795991711	175.268515082694	18175
413707	16	-40.2670951126316	175.254715579487	18175
413708	17	-40.2701056381013	175.240005622121	18175
413709	18	-40.2711194444445	175.224833333333	18175
413710	19	-40.2701056381013	175.209661044546	18175
413711	20	-40.2670951126316	175.19495108718	18175
413712	21	-40.2621795991711	175.181151583973	18175
413713	22	-40.255508847975	175.168682691613	18175
413714	23	-40.247286030498	175.157923729892	18175
413715	24	-40.237761507541	175.149201601101	18175
413716	25	-40.2272251599382	175.142780858169	18175
413717	26	-40.2159975223604	175.138855723047	18175
413718	27	-40.2044199966763	175.137544290863	18175
413719	28	-40.1928444479302	175.138885083039	18175
413720	29	-40.1816225027201	175.142836036921	18175
413721	30	-40.171094876335	175.149275943265	18175
413722	31	-40.1615810515422	175.158008268726	18175
413723	32	-40.1533696188223	175.168767230496	18175
413724	33	-40.1467095658064	175.181225926258	18175
413725	34	-40.141802773588	175.19500626607	18175
413726	35	-40.1387979405077	175.209690404629	18175
413727	36	-40.1377861111111	175.224833333333	18175
413728	0	-39.6974166666667	175.369527777778	18176
413729	1	-40.2326388888889	175.430666666667	18176
413730	2	-40.0464722222222	175.11925	18176
413731	3	-39.7878888888889	175.1155	18176
413732	4	-39.6955277777778	175.218444444444	18176
413733	5	-39.6974166666667	175.369527777778	18176
413734	0	-40.2326388888889	175.430666666667	18177
413735	1	-40.3108055555556	175.439694444444	18177
413736	2	-40.4013888888889	175.285388888889	18177
413737	3	-40.4060277777778	175.124555555556	18177
413738	4	-40.0464722222222	175.11925	18177
413739	5	-40.2326388888889	175.430666666667	18177
413740	0	-40.2171944444444	175.541805555556	18178
413741	1	-40.2523611111111	175.533	18178
413742	2	-40.2810277777778	175.464611111111	18178
413743	3	-40.3252777777778	175.378333333333	18178
413744	4	-40.3908888888889	175.357833333333	18178
413745	5	-40.3911944444444	175.315083333333	18178
413746	6	-40.3732777777778	175.227944444444	18178
413747	7	-40.0653055555556	175.125666666667	18178
413748	8	-40.0329444444444	175.160916666667	18178
413749	9	-40.0395277777778	175.17575	18178
413750	10	-40.0469444444444	175.214305555556	18178
413751	11	-40.0580555555556	175.311166666667	18178
413752	12	-40.0848333333333	175.374888888889	18178
413753	13	-40.0875833333333	175.391527777778	18178
413754	14	-40.1793888888889	175.508194444444	18178
413755	15	-40.2171944444444	175.541805555556	18178
413756	0	-40.3921666666667	175.589638888889	18179
413757	1	-40.3945	175.593333333333	18179
413758	2	-40.4022222222222	175.590861111111	18179
413759	3	-40.4099444444444	175.596833333333	18179
413760	4	-40.4155	175.588777777778	18179
413761	5	-40.3960555555556	175.564194444444	18179
413762	6	-40.3928888888889	175.569777777778	18179
413763	7	-40.3921666666667	175.589638888889	18179
413764	0	-40.1429527777778	175.391972222222	18180
413765	1	-40.1439646069939	175.407116302531	18180
413766	2	-40.1469694395545	175.421801558044	18180
413767	3	-40.1518762309765	175.435582946524	18180
413768	4	-40.1585362830151	175.448042591029	18180
413769	5	-40.1667477146945	175.458802372907	18180
413770	6	-40.1762615385088	175.467535364926	18180
413771	7	-40.1867891640955	175.473975763905	18180
413772	8	-40.1980111087833	175.47792702131	18180
413773	9	-40.2095866573466	175.479267918374	18180
413774	10	-40.2211641832096	175.477956388911	18180
413775	11	-40.2323918213064	175.474030956957	18180
413776	12	-40.242928169706	175.467609726356	18180
413777	13	-40.2524526936414	175.458886933651	18180
413778	14	-40.2606755121603	175.44812715182	18180
413779	15	-40.2673462643361	175.435657308076	18180
413780	16	-40.2722617785955	175.421856751235	18180
413781	17	-40.2752723045868	175.407145670223	18180
413782	18	-40.2762861111111	175.391972222222	18180
413783	19	-40.2752723045868	175.376798774222	18180
413784	20	-40.2722617785955	175.36208769321	18180
413785	21	-40.2673462643361	175.348287136368	18180
413786	22	-40.2606755121603	175.335817292624	18180
413787	23	-40.2524526936414	175.325057510794	18180
413788	24	-40.242928169706	175.316334718089	18180
413789	25	-40.2323918213064	175.309913487487	18180
413790	26	-40.2211641832096	175.305988055533	18180
413791	27	-40.2095866573466	175.304676526071	18180
413792	28	-40.1980111087833	175.306017423134	18180
413793	29	-40.1867891640955	175.309968680539	18180
413794	30	-40.1762615385088	175.316409079519	18180
413795	31	-40.1667477146945	175.325142071537	18180
413796	32	-40.1585362830151	175.335901853416	18180
413797	33	-40.1518762309765	175.34836149792	18180
413798	34	-40.1469694395545	175.3621428864	18180
413799	35	-40.1439646069939	175.376828141913	18180
413800	36	-40.1429527777778	175.391972222222	18180
413801	0	-40.0253333333333	175.36675	18181
413802	1	-40.0848333333333	175.374888888889	18181
413803	2	-40.14325	175.382861111111	18181
413804	3	-40.1452083072071	175.369385978866	18181
413805	4	-40.1469555506675	175.362129003611	18181
413806	5	-40.1491791880885	175.355098421074	18181
413807	6	-40.1518623420916	175.34834761795	18181
413808	7	-40.1549846453789	175.34192787425	18181
413809	8	-40.1585223941329	175.335887975996	18181
413810	9	-40.1624487266378	175.33027384612	18181
413811	10	-40.166733825815	175.325128196322	18181
413812	11	-40.1713451441891	175.320490202484	18181
413813	12	-40.176247649632	175.316395206096	18181
413814	13	-40.1814040900733	175.312874443986	18181
413815	14	-40.1867752752208	175.309954808441	18181
413816	15	-40.1923203732007	175.307658639608	18181
413817	16	-40.19799721991	175.306003551852	18181
413818	17	-40.2037626387687	175.305002295486	18181
413819	18	-40.2095727684738	175.30466265507	18181
413820	19	-40.2153833962873	175.304987385176	18181
413821	20	-40.2211502943363	175.305974184271	18181
413822	21	-40.2268295563738	175.307615707072	18181
413823	22	-40.2323779324317	175.309899615428	18181
413824	23	-40.2377531588048	175.312808667501	18181
413825	24	-40.2429142808292	175.316320844718	18181
413826	25	-40.2478219659657	175.32040951564	18181
413827	26	-40.252438804762	175.325043635638	18181
413828	27	-40.2567295973551	175.330187980926	18181
413829	28	-40.2575833333333	175.331472222222	18181
413830	29	-40.3893333333333	175.164666666667	18181
413831	30	-40.3700309489994	175.140590901123	18181
413832	31	-40.3526893215361	175.12323335099	18181
413833	32	-40.3342588179738	175.107933911463	18181
413834	33	-40.3148805362205	175.09480797605	18181
413835	34	-40.2947027050025	175.08395403486	18181
413836	35	-40.2738795330725	175.075452968958	18181
413837	36	-40.2525700161912	175.069367488294	18181
413838	37	-40.2309367115409	175.065741715799	18181
413839	38	-40.2091444893548	175.064600918871	18181
413840	39	-40.1873592715828	175.065951388219	18181
413841	40	-40.1657467673689	175.069780462776	18181
413842	41	-40.1444712149921	175.07605669829	18181
413843	42	-40.123694139727	175.084730176123	18181
413844	43	-40.1035731368165	175.095732947824	18181
413845	44	-40.0842606884269	175.108979610191	18181
413846	45	-40.0659030230776	175.124368004735	18181
413847	46	-40.0486390256106	175.141780034815	18181
413848	47	-40.0325992053009	175.161082593078	18181
413849	48	-40.0179047291999	175.182128591371	18181
413850	49	-40.0046665272716	175.204758084837	18181
413851	50	-39.9929844753183	175.228799481564	18181
413852	51	-39.9829466611083	175.254070828856	18181
413853	52	-39.9767777777778	175.272722222222	18181
413854	53	-40.0253333333333	175.36675	18181
413855	0	-40.4296944444444	178.036388888889	18182
413856	1	-41.0344166666667	177.313916666667	18182
413857	2	-40.7123611111111	176.840972222222	18182
413858	3	-40.1049166666667	177.564305555556	18182
413859	4	-40.4296944444444	178.036388888889	18182
413860	0	-39.9601666666667	177.429194444444	18183
413861	1	-40.1911152844318	177.464854394566	18183
413862	2	-40.3291973877774	177.461183663204	18183
413863	3	-40.466508459845	177.441699261337	18183
413864	4	-40.6019963467824	177.406453921244	18183
413865	5	-40.7346164638458	177.355624146069	18183
413866	6	-40.8633400712286	177.289511810437	18183
413867	7	-40.987162626368	177.208544668951	18183
413868	8	-41.1051121383399	177.113275669296	18183
413869	9	-41.2162574429586	177.004380978601	18183
413870	10	-41.3197163110405	176.882656648468	18183
413871	11	-41.4146632973269	176.749013865664	18183
413872	12	-41.443	176.703388888889	18183
413873	13	-41.2924166666667	175.869555555556	18183
413874	14	-41.2163055555556	175.461361111111	18183
413875	15	-40.9732777777778	175.6335	18183
413876	16	-40.6949444444444	175.855166666667	18183
413877	17	-40.6254444444444	175.927972222222	18183
413878	18	-40.5830798979256	175.980346608932	18183
413879	19	-40.5424951567763	176.020758033316	18183
413880	20	-40.4993776161828	176.056313183691	18183
413881	21	-40.4540599569716	176.086747382668	18183
413882	22	-40.406891136921	176.111836893731	18183
413883	23	-40.3582336123265	176.131400369096	18183
413884	24	-40.3084604759619	176.145299924211	18183
413885	25	-40.2742222222222	176.149055555556	18183
413886	26	-40.0959166666667	176.358805555556	18183
413887	27	-39.9601666666667	177.429194444444	18183
413888	0	-41.1409638888889	175.045622222222	18184
413889	1	-41.1507805555556	175.052808333333	18184
413890	2	-41.1608305555556	175.047416666667	18184
413891	3	-41.1640444444444	175.040127777778	18184
413892	4	-41.1593777777778	175.038116666667	18184
413893	5	-41.1554	175.038963888889	18184
413894	6	-41.1531527777778	175.038363888889	18184
413895	7	-41.1438361111111	175.030447222222	18184
413896	8	-41.1411777777778	175.036627777778	18184
413897	9	-41.1432444444444	175.038827777778	18184
413898	10	-41.1409638888889	175.045622222222	18184
413899	0	-43.481	171.870111111111	18185
413900	1	-43.481205049847	171.87334188556	18185
413901	2	-43.4818139731539	171.876474558708	18185
413902	3	-43.4828082799058	171.879414002281	18185
413903	4	-43.484157776693	171.88207094466	18185
413904	5	-43.485821481942	171.884364678302	18185
413905	6	-43.4877488684437	171.886225509305	18185
413906	7	-43.4898813957482	171.887596875015	18185
413907	8	-43.4921542862077	171.888437065325	18185
413908	9	-43.4944984910272	171.888720495064	18185
413909	10	-43.496842786849	171.888438488182	18185
413910	11	-43.4991159393388	171.887599549111	18185
413911	12	-43.5012488680971	171.886229112106	18185
413912	13	-43.5031767470548	171.884368775256	18185
413913	14	-43.5048409763646	171.882075041615	18185
413914	15	-43.5061909656078	171.879417605082	18185
413915	16	-43.5071856738135	171.876477232805	18185
413916	17	-43.5077948591508	171.873343308418	18185
413917	18	-43.508	171.870111111111	18185
413918	19	-43.5077948591508	171.866878913805	18185
413919	20	-43.5071856738135	171.863744989417	18185
413920	21	-43.5061909656078	171.86080461714	18185
413921	22	-43.5048409763646	171.858147180608	18185
413922	23	-43.5031767470548	171.855853446966	18185
413923	24	-43.5012488680971	171.853993110116	18185
413924	25	-43.4991159393388	171.852622673111	18185
413925	26	-43.496842786849	171.85178373404	18185
413926	27	-43.4944984910272	171.851501727159	18185
413927	28	-43.4921542862077	171.851785156897	18185
413928	29	-43.4898813957482	171.852625347208	18185
413929	30	-43.4877488684437	171.853996712917	18185
413930	31	-43.485821481942	171.85585754392	18185
413931	32	-43.484157776693	171.858151277562	18185
413932	33	-43.4828082799058	171.860808219941	18185
413933	34	-43.4818139731539	171.863747663514	18185
413934	35	-43.481205049847	171.866880336662	18185
413935	36	-43.481	171.870111111111	18185
413936	0	-43.5975	172.338444444444	18186
413937	1	-43.605	172.342333333333	18186
413938	2	-43.6213888888889	172.296777777778	18186
413939	3	-43.615	172.292611111111	18186
413940	4	-43.6133333333333	172.2965	18186
413941	5	-43.6075	172.292333333333	18186
413942	6	-43.5975	172.338444444444	18186
413943	0	-36.8182777777778	174.697222222222	18187
413944	1	-36.8183461389	174.698198334928	18187
413945	2	-36.8185491455084	174.699144794042	18187
413946	3	-36.8188806303862	174.700032846369	18187
413947	4	-36.8193305231208	174.700835512216	18187
413948	5	-36.8198851558968	174.701528404761	18187
413949	6	-36.8205276785507	174.702090470815	18187
413950	7	-36.8212385703048	174.702504630514	18187
413951	8	-36.821996232661	174.702758296497	18187
413952	9	-36.8227776454688	174.702843756768	18187
413953	10	-36.8235590662558	174.702758409558	18187
413954	11	-36.8243167515872	174.702504842999	18187
413955	12	-36.8250276785414	174.702090757096	18187
413956	13	-36.8256702443746	174.701528730308	18187
413957	14	-36.826224923101	174.700835837763	18187
413958	15	-36.8266748590149	174.70003313265	18187
413959	16	-36.8270063790928	174.699145006527	18187
413960	17	-36.8272094086764	174.698198447989	18187
413961	18	-36.8272777777778	174.697222222222	18187
413962	19	-36.8272094086764	174.696245996456	18187
413963	20	-36.8270063790928	174.695299437917	18187
413964	21	-36.8266748590149	174.694411311795	18187
413965	22	-36.826224923101	174.693608606681	18187
413966	23	-36.8256702443746	174.692915714136	18187
413967	24	-36.8250276785414	174.692353687349	18187
413968	25	-36.8243167515872	174.691939601445	18187
413969	26	-36.8235590662558	174.691686034886	18187
413970	27	-36.8227776454688	174.691600687676	18187
413971	28	-36.821996232661	174.691686147947	18187
413972	29	-36.8212385703048	174.691939813931	18187
413973	30	-36.8205276785507	174.69235397363	18187
413974	31	-36.8198851558968	174.692916039683	18187
413975	32	-36.8193305231208	174.693608932228	18187
413976	33	-36.8188806303862	174.694411598076	18187
413977	34	-36.8185491455084	174.695299650403	18187
413978	35	-36.8183461389	174.696246109517	18187
413979	36	-36.8182777777778	174.697222222222	18187
413980	0	-36.5255	174.915805555556	18188
413981	1	-36.5916666666667	174.915805555556	18188
413982	2	-36.5916666666667	174.877888888889	18188
413983	3	-36.6100833333333	174.877888888889	18188
413984	4	-36.6048611111111	174.838888888889	18188
413985	5	-36.595	174.816666666667	18188
413986	6	-36.5255	174.816666666667	18188
413987	7	-36.5255	174.915805555556	18188
413988	0	-36.5639444444444	174.877888888889	18189
413989	1	-36.6100833333333	174.877888888889	18189
413990	2	-36.6048611111111	174.838888888889	18189
413991	3	-36.595	174.816666666667	18189
413992	4	-36.5639444444444	174.816666666667	18189
413993	5	-36.5639444444444	174.877888888889	18189
413994	0	-37.0797777777778	174.9755	18190
413995	1	-37.0800309266393	174.979127673111	18190
413996	2	-37.0807826864061	174.982645192075	18190
413997	3	-37.0820102295848	174.985945741186	18190
413998	4	-37.0836762798799	174.988929081204	18190
413999	5	-37.0857302421662	174.991504589501	18190
414000	6	-37.0881097365464	174.993594010601	18190
414001	7	-37.0907424902717	174.995133833928	18190
414002	8	-37.0935485304593	174.996077226496	18190
414003	9	-37.0964426113724	174.996395461471	18190
414004	10	-37.0993368028332	174.996078798539	18190
414005	11	-37.1021431613304	174.995136788403	18190
414006	12	-37.1047764027344	174.993597991154	18190
414007	13	-37.1071564953409	174.991509116019	18190
414008	14	-37.1092110942465	174.988933607722	18190
414009	15	-37.110877742768	174.985949721739	18190
414010	16	-37.1121057736253	174.98264814655	18190
414011	17	-37.1128578517018	174.979129245154	18190
414012	18	-37.1131111111111	174.9755	18190
414013	19	-37.1128578517018	174.971870754846	18190
414014	20	-37.1121057736253	174.96835185345	18190
414015	21	-37.110877742768	174.965050278261	18190
414016	22	-37.1092110942465	174.962066392278	18190
414017	23	-37.1071564953409	174.959490883981	18190
414018	24	-37.1047764027344	174.957402008846	18190
414019	25	-37.1021431613304	174.955863211597	18190
414020	26	-37.0993368028332	174.954921201461	18190
414021	27	-37.0964426113724	174.954604538529	18190
414022	28	-37.0935485304593	174.954922773504	18190
414023	29	-37.0907424902717	174.955866166072	18190
414024	30	-37.0881097365464	174.957405989399	18190
414025	31	-37.0857302421662	174.959495410499	18190
414026	32	-37.0836762798799	174.962070918796	18190
414027	33	-37.0820102295848	174.965054258814	18190
414028	34	-37.0807826864061	174.968354807925	18190
414029	35	-37.0800309266393	174.971872326889	18190
414030	36	-37.0797777777778	174.9755	18190
414031	0	-39.5454722222222	174.5685	18191
414032	1	-39.6176944444444	174.525722222222	18191
414033	2	-39.5949166666667	174.442944444444	18191
414034	3	-39.5829722222222	174.449888888889	18191
414035	4	-39.5326944444444	174.469055555556	18191
414036	5	-39.5290833333333	174.501	18191
414037	6	-39.5454722222222	174.5685	18191
414038	0	-40.4671805555556	175.789475	18192
414039	1	-40.4911111111111	175.764444444444	18192
414040	2	-40.4861666666667	175.72825	18192
414041	3	-40.46675	175.683111111111	18192
414042	4	-40.4446666666667	175.691805555556	18192
414043	5	-40.4361388888889	175.705861111111	18192
414044	6	-40.4368055555556	175.736155555556	18192
414045	7	-40.4671805555556	175.789475	18192
414046	0	-41.6722777777778	172.876194444444	18193
414047	1	-41.7853055555556	172.893805555556	18193
414048	2	-41.7738611111111	172.77675	18193
414049	3	-41.73375	172.711833333333	18193
414050	4	-41.6851111111111	172.767583333333	18193
414051	5	-41.6746944444444	172.7935	18193
414052	6	-41.6722777777778	172.876194444444	18193
414053	0	-42.3955833333333	171.823972222222	18194
414054	1	-42.4389444444444	171.792444444444	18194
414055	2	-42.3973611111111	171.689666666667	18194
414056	3	-42.35475	171.722166666667	18194
414057	4	-42.3955833333333	171.823972222222	18194
414058	0	-42.2035833333333	171.556333333333	18195
414059	1	-42.2216666666667	171.554638888889	18195
414060	2	-42.3175555555556	171.538861111111	18195
414061	3	-42.346	171.435194444444	18195
414062	4	-42.288	171.402777777778	18195
414063	5	-42.2399166666667	171.438388888889	18195
414064	6	-42.1966111111111	171.464	18195
414065	7	-42.2035833333333	171.556333333333	18195
414066	0	-41.6283	171.9187	18196
414067	1	-41.6492	171.9064	18196
414068	2	-41.6931	171.9209	18196
414069	3	-41.7072	171.9117	18196
414070	4	-41.7207	171.8923	18196
414071	5	-41.7233	171.851	18196
414072	6	-41.7104	171.8331	18196
414073	7	-41.6967	171.8317	18196
414074	8	-41.6419	171.8483	18196
414075	9	-41.6244	171.8605	18196
414076	10	-41.6084	171.877	18196
414077	11	-41.61	171.8829	18196
414078	12	-41.6228	171.8923	18196
414079	13	-41.6283	171.9187	18196
414080	0	-42.1491388888889	172.334305555556	18197
414081	1	-42.1924722222222	172.342361111111	18197
414082	2	-42.2449722222222	172.334861111111	18197
414083	3	-42.26025	172.220416666667	18197
414084	4	-42.1333055555556	172.238194444444	18197
414085	5	-42.1491388888889	172.334305555556	18197
414086	0	-42.9413055555556	172.401055555556	18198
414087	1	-42.9871666666667	172.3795	18198
414088	2	-42.9883333333333	172.276444444444	18198
414089	3	-42.9380833333333	172.272583333333	18198
414090	4	-42.9413055555556	172.401055555556	18198
414091	0	-43.4666666666667	172.369777777778	18199
414092	1	-43.4896666666667	172.365111111111	18199
414093	2	-43.4912777777778	172.364111111111	18199
414094	3	-43.4898333333333	172.354611111111	18199
414095	4	-43.4866666666667	172.355444444444	18199
414096	5	-43.4851666666667	172.350111111111	18199
414097	6	-43.4823333333333	172.345777777778	18199
414098	7	-43.4668333333333	172.343277777778	18199
414099	8	-43.4666666666667	172.369777777778	18199
414100	0	-45.5108333333333	169.926	18200
414101	1	-45.5331388888889	169.938972222222	18200
414102	2	-45.6191666666667	169.928305555556	18200
414103	3	-45.6384722222222	169.804055555556	18200
414104	4	-45.5668888888889	169.770555555556	18200
414105	5	-45.5292777777778	169.821138888889	18200
414106	6	-45.5108333333333	169.926	18200
414107	0	-45.7628333333333	170.54175	18201
414108	1	-45.7711666666667	170.53675	18201
414109	2	-45.7664444444444	170.518416666667	18201
414110	3	-45.7581111111111	170.523416666667	18201
414111	4	-45.7628333333333	170.54175	18201
414112	0	-43.90375	170.378472222222	18202
414113	1	-43.9215555555555	170.3305	18202
414114	2	-43.9481388888889	170.252194444444	18202
414115	3	-43.9046388888889	170.232805555556	18202
414116	4	-43.8814722222222	170.332194444444	18202
414117	5	-43.90375	170.378472222222	18202
414118	0	-43.9215555555555	170.3305	18203
414119	1	-43.9755	170.337583333333	18203
414120	2	-43.9733333333333	170.299583333333	18203
414121	3	-43.9829444444444	170.267722222222	18203
414122	4	-43.9481388888889	170.252194444444	18203
414123	5	-43.9215555555555	170.3305	18203
414124	0	-43.9177777777778	170.434166666667	18204
414125	1	-43.9490277777778	170.440472222222	18204
414126	2	-43.9688055555556	170.407638888889	18204
414127	3	-43.9644166666667	170.38125	18204
414128	4	-43.9755	170.337583333333	18204
414129	5	-43.9215555555555	170.3305	18204
414130	6	-43.90375	170.378472222222	18204
414131	7	-43.9141388888889	170.394027777778	18204
414132	8	-43.9177777777778	170.434166666667	18204
414133	0	-35.8341666666667	174.493194444444	18205
414134	1	-35.8343033814955	174.495122170674	18205
414135	2	-35.8347093733597	174.496991343349	18205
414136	3	-35.8353723104001	174.49874518569	18205
414137	4	-35.8362720557359	174.500330420773	18205
414138	5	-35.8373812785757	174.501698888784	18205
414139	6	-35.838666283743	174.502809009522	18205
414140	7	-35.8400880345234	174.503627045786	18205
414141	8	-35.8416033378682	174.50412812928	18205
414142	9	-35.8431661560544	174.504297017746	18205
414143	10	-35.8447290050342	174.504128560157	18205
414144	11	-35.8462443970459	174.503627855571	18205
414145	12	-35.8476662836718	174.502810100542	18205
414146	13	-35.8489514554784	174.501700129447	18205
414147	14	-35.850060855652	174.500331661436	18205
414148	15	-35.8509607676271	174.498746276711	18205
414149	16	-35.851623840513	174.496992153134	18205
414150	17	-35.8520299210441	174.495122601552	18205
414151	18	-35.8521666666667	174.493194444444	18205
414152	19	-35.8520299210441	174.491266287337	18205
414153	20	-35.851623840513	174.489396735755	18205
414154	21	-35.8509607676271	174.487642612178	18205
414155	22	-35.850060855652	174.486057227453	18205
414156	23	-35.8489514554784	174.484688759442	18205
414157	24	-35.8476662836718	174.483578788346	18205
414158	25	-35.8462443970459	174.482761033318	18205
414159	26	-35.8447290050342	174.482260328731	18205
414160	27	-35.8431661560544	174.482091871143	18205
414161	28	-35.8416033378682	174.482260759609	18205
414162	29	-35.8400880345234	174.482761843103	18205
414163	30	-35.838666283743	174.483579879367	18205
414164	31	-35.8373812785757	174.484690000105	18205
414165	32	-35.8362720557359	174.486058468116	18205
414166	33	-35.8353723104001	174.487643703198	18205
414167	34	-35.8347093733597	174.48939754554	18205
414168	35	-35.8343033814955	174.491266718215	18205
414169	36	-35.8341666666667	174.493194444444	18205
414170	0	-36.1520305555555	175.078527777778	18206
414171	1	-36.1527138170759	175.088205394686	18206
414172	2	-36.1547428761711	175.097589455578	18206
414173	3	-36.1580561819579	175.106395264626	18206
414174	4	-36.1625532161788	175.114355584282	18206
414175	5	-36.1680975287718	175.1212287163	18206
414176	6	-36.1745208609673	175.126805824825	18206
414177	7	-36.1816282333758	175.13091728155	18206
414178	8	-36.1892038473985	175.133437840222	18206
414179	9	-36.1970176234111	175.134290480829	18206
414180	10	-36.2048321793267	175.133448802061	18206
414181	11	-36.212410038991	175.130937883071	18206
414182	12	-36.2195208519228	175.126833581184	18206
414183	13	-36.225948404546	175.121260279673	18206
414184	14	-36.2314972084257	175.114387147662	18206
414185	15	-36.2359984630767	175.106423021002	18206
414186	16	-36.2393152093906	175.097610057119	18206
414187	17	-36.2413465141308	175.088216356538	18206
414188	18	-36.2420305555556	175.078527777778	18206
414189	19	-36.2413465141308	175.068839199018	18206
414190	20	-36.2393152093906	175.059445498437	18206
414191	21	-36.2359984630767	175.050632534553	18206
414192	22	-36.2314972084257	175.042668407894	18206
414193	23	-36.225948404546	175.035795275882	18206
414194	24	-36.2195208519228	175.030221974372	18206
414195	25	-36.212410038991	175.026117672484	18206
414196	26	-36.2048321793267	175.023606753494	18206
414197	27	-36.1970176234111	175.022765074726	18206
414198	28	-36.1892038473985	175.023617715333	18206
414199	29	-36.1816282333758	175.026138274005	18206
414200	30	-36.1745208609673	175.030249730731	18206
414201	31	-36.1680975287718	175.035826839255	18206
414202	32	-36.1625532161788	175.042699971274	18206
414203	33	-36.1580561819579	175.05066029093	18206
414204	34	-36.1547428761711	175.059466099978	18206
414205	35	-36.1527138170759	175.06885016087	18206
414206	36	-36.1520305555555	175.078527777778	18206
414207	0	-36.0223055555556	174.50875	18207
414208	1	-36.0260833333333	174.50175	18207
414209	2	-36.0232222222222	174.499722222222	18207
414210	3	-35.9945555555556	174.479055555556	18207
414211	4	-35.9858055555556	174.473111111111	18207
414212	5	-35.9807222222222	174.467944444444	18207
414213	6	-35.9730833333333	174.47925	18207
414214	7	-36.0223055555556	174.50875	18207
414215	0	-36.1148055555556	174.621222222222	18208
414216	1	-36.1192777777778	174.609472222222	18208
414217	2	-36.1176944444444	174.609527777778	18208
414218	3	-36.1112777777778	174.602111111111	18208
414219	4	-36.1089444444444	174.596527777778	18208
414220	5	-36.0819166666667	174.598777777778	18208
414221	6	-36.0823888888889	174.603388888889	18208
414222	7	-36.1148055555556	174.621222222222	18208
414223	0	-36.1570555555556	174.652694444444	18209
414224	1	-36.1591111111111	174.644416666667	18209
414225	2	-36.1549166666667	174.640361111111	18209
414226	3	-36.1550555555556	174.634527777778	18209
414227	4	-36.1518888888889	174.630416666667	18209
414228	5	-36.1436111111111	174.632055555556	18209
414229	6	-36.1352777777778	174.626333333333	18209
414230	7	-36.132	174.632666666667	18209
414231	8	-36.1570555555556	174.652694444444	18209
414232	0	-39.6370555555556	177.100583333333	18210
414233	1	-39.6380524128322	177.102125032501	18210
414234	2	-39.6386312345266	177.102813908921	18210
414235	3	-39.6392540857808	177.1034346662	18210
414236	4	-39.6399162274434	177.103982579221	18210
414237	5	-39.6406126212701	177.104453476758	18210
414238	6	-39.6413379682357	177.104843773269	18210
414239	7	-39.6420867488341	177.105150496226	18210
414240	8	-39.6428532650597	177.10537130881	18210
414241	9	-39.643631683753	177.10550452777	18210
414242	10	-39.644416080979	177.105549136311	18210
414243	11	-39.6452004871029	177.105504791928	18210
414244	12	-39.6459789322196	177.105371829102	18210
414245	13	-39.6467454915912	177.105151256841	18210
414246	14	-39.6474943307472	177.104844751096	18210
414247	15	-39.6482197499028	177.104454642088	18210
414248	16	-39.6489162273585	177.103983896644	18210
414249	17	-39.6495784615479	177.103436095688	18210
414250	18	-39.6502014114155	177.10281540704	18210
414251	19	-39.6507803348135	177.102126553731	18210
414252	20	-39.6513108246269	177.101374778086	18210
414253	21	-39.6517888423494	177.100565801836	18210
414254	22	-39.6522107488543	177.099705782558	18210
414255	23	-39.6525733321242	177.098801266794	18210
414256	24	-39.6528738317289	177.097859140188	18210
414257	25	-39.6531099598623	177.096886575027	18210
414258	26	-39.6532799187798	177.095890975594	18210
414259	27	-39.6533824144997	177.094879921739	18210
414260	28	-39.6534166666667	177.093861111111	18210
414261	29	-39.6533824144997	177.092842300483	18210
414262	30	-39.6532799187798	177.091831246628	18210
414263	31	-39.6531099598623	177.090835647195	18210
414264	32	-39.6528738317289	177.089863082035	18210
414265	33	-39.6525733321242	177.088920955428	18210
414266	34	-39.6522107488543	177.088016439665	18210
414267	35	-39.6517888423494	177.087156420386	18210
414268	36	-39.6516944444444	177.087027777778	18210
414269	37	-39.64225	177.069805555556	18210
414270	38	-39.6412803349123	177.068263470681	18210
414271	39	-39.6407014115315	177.067574711983	18210
414272	40	-39.6400784616806	177.066954108575	18210
414273	41	-39.6394162275067	177.066406382841	18210
414274	42	-39.6387197500652	177.065935702029	18210
414275	43	-39.6379943309217	177.065545646571	18210
414276	44	-39.6372454917756	177.065239182888	18210
414277	45	-39.6364789324113	177.065018640883	18210
414278	46	-39.635700487299	177.064885696275	18210
414279	47	-39.6349160811766	177.064841357939	18210
414280	48	-39.6341316839492	177.064885960308	18210
414281	49	-39.6333532652514	177.065019160927	18210
414282	50	-39.6325867490185	177.065239943142	18210
414283	51	-39.6318379684102	177.065546623934	18210
414284	52	-39.6311126214324	177.065936866805	18210
414285	53	-39.6304162275916	177.066407699639	18210
414286	54	-39.6297540859134	177.066955537384	18210
414287	55	-39.6291312346425	177.06757620939	18210
414288	56	-39.628552412931	177.068264991188	18210
414289	57	-39.628022024804	177.069016640472	18210
414290	58	-39.6275441056782	177.069825436999	18210
414291	59	-39.6271222916846	177.070685226122	18210
414292	60	-39.6267597920295	177.071589465603	18210
414293	61	-39.6264593646027	177.072531275362	18210
414294	62	-39.626223295017	177.073503489794	18210
414295	63	-39.6260533792382	177.074498712231	18210
414296	64	-39.6259509099373	177.075509371162	18210
414297	65	-39.6259166666667	177.076527777778	18210
414298	66	-39.6259509099373	177.077546184393	18210
414299	67	-39.6260533792382	177.078556843325	18210
414300	68	-39.626223295017	177.079552065761	18210
414301	69	-39.6264593646027	177.080524280193	18210
414302	70	-39.6267597920295	177.081466089953	18210
414303	71	-39.6271222916846	177.082370329433	18210
414304	72	-39.6275441056782	177.083230118557	18210
414305	73	-39.6275833333333	177.083361111111	18210
414306	74	-39.6370555555556	177.100583333333	18210
414307	0	-38.9833333333333	178.233333333333	18211
414308	1	-39.1344166666667	178.275416666667	18211
414309	2	-39.3950555555556	178.095805555556	18211
414310	3	-39.4196619575042	178.077185050956	18211
414311	4	-39.4335282582918	178.063475196163	18211
414312	5	-39.4464169321884	178.048247359096	18211
414313	6	-39.4582293206304	178.031617292802	18211
414314	7	-39.4688749553355	178.013711680505	18211
414315	8	-39.4782722642505	177.994667168233	18211
414316	9	-39.4863492093168	177.974629313738	18211
414317	10	-39.4930438506713	177.953751460034	18211
414318	11	-39.4983048324931	177.932193542681	18211
414319	12	-39.502091786346	177.910120840683	18211
414320	13	-39.5043756485558	177.887702681492	18211
414321	14	-39.5051388888889	177.865111111111	18211
414322	15	-39.5043756485558	177.842519540731	18211
414323	16	-39.502091786346	177.820101381539	18211
414324	17	-39.4983048324931	177.798028679541	18211
414325	18	-39.4930438506713	177.776470762188	18211
414326	19	-39.4863492093168	177.755592908484	18211
414327	20	-39.4782722642505	177.735555053989	18211
414328	21	-39.4688749553355	177.716510541717	18211
414329	22	-39.4582293206304	177.69860492942	18211
414330	23	-39.4464169321884	177.681974863126	18211
414331	24	-39.4335282582918	177.666747026059	18211
414332	25	-39.4196619575042	177.653037171266	18211
414333	26	-39.4049241104505	177.640949245389	18211
414334	27	-39.3894273957086	177.630574610067	18211
414335	28	-39.3732902165977	177.621991366482	18211
414336	29	-39.3566357859862	177.615263787554	18211
414337	30	-39.3395911765108	177.610441861236	18211
414338	31	-39.3381388888889	177.609111111111	18211
414339	32	-39.1	177.609111111111	18211
414340	33	-39.1	177.9	18211
414341	34	-38.9833333333333	178.233333333333	18211
414342	0	-39.2355111111111	177.865205555556	18212
414343	1	-39.2358907829344	177.870810375302	18212
414344	2	-39.2370182743781	177.876245072892	18212
414345	3	-39.2388593620574	177.881344673877	18212
414346	4	-39.2413581588905	177.885954345373	18212
414347	5	-39.2444388057649	177.889934086611	18212
414348	6	-39.2480077685801	177.893162975332	18212
414349	7	-39.2519566718235	177.895542841901	18212
414350	8	-39.2561655835936	177.897001259527	18212
414351	9	-39.2605066532119	177.897493758844	18212
414352	10	-39.2648479916743	177.89700519789	18212
414353	11	-39.2690576775503	177.895550243602	18212
414354	12	-39.2730077667928	177.893172947618	18212
414355	13	-39.2765781844514	177.889945426678	18212
414356	14	-39.2796603795379	177.885965685441	18212
414357	15	-39.2821606312147	177.881354646166	18212
414358	16	-39.2840029048935	177.876252474597	18212
414359	17	-39.2851311704435	177.870814313666	18212
414360	18	-39.2855111111111	177.865205555556	18212
414361	19	-39.2851311704435	177.859596797445	18212
414362	20	-39.2840029048935	177.854158636514	18212
414363	21	-39.2821606312147	177.849056464945	18212
414364	22	-39.2796603795379	177.844445425671	18212
414365	23	-39.2765781844514	177.840465684433	18212
414366	24	-39.2730077667928	177.837238163493	18212
414367	25	-39.2690576775503	177.834860867509	18212
414368	26	-39.2648479916743	177.833405913221	18212
414369	27	-39.2605066532119	177.832917352267	18212
414370	28	-39.2561655835936	177.833409851584	18212
414371	29	-39.2519566718235	177.834868269211	18212
414372	30	-39.2480077685801	177.837248135779	18212
414373	31	-39.2444388057649	177.8404770245	18212
414374	32	-39.2413581588905	177.844456765738	18212
414375	33	-39.2388593620574	177.849066437234	18212
414376	34	-39.2370182743781	177.854166038219	18212
414377	35	-39.2358907829344	177.85960073581	18212
414378	36	-39.2355111111111	177.865205555556	18212
414379	0	-40.4996666666667	172.740694444444	18213
414380	1	-40.4951364753184	172.783867432327	18213
414381	2	-40.494	172.81825	18213
414382	3	-40.4951364753184	172.852632567674	18213
414383	4	-40.4985373670034	172.886756947972	18213
414384	5	-40.5041771337845	172.920366814681	18213
414385	6	-40.512013411644	172.953209552753	18213
414386	7	-40.5219873196698	172.985038086023	18213
414387	8	-40.5340238856583	173.015612671485	18213
414388	9	-40.5480325888786	173.044702649002	18213
414389	10	-40.5639080166712	173.072088135363	18213
414390	11	-40.5815306308248	173.097561651623	18213
414391	12	-40.5834722222222	173.099333333333	18213
414392	13	-40.585317290317	173.101628805191	18213
414393	14	-40.5865628874501	173.102887909161	18213
414394	15	-40.5878870718917	173.103999316313	18213
414395	16	-40.5892797701569	173.104954562824	18213
414396	17	-40.5907303869115	173.105746371437	18213
414397	18	-40.5922278854883	173.106368707065	18213
414398	19	-40.59376087178	173.106816822989	18213
414399	20	-40.5953176808708	173.107087297303	18213
414400	21	-40.5968864657518	173.107178059302	18213
414401	22	-40.5984552874456	173.107088405613	18213
414402	23	-40.6000122058565	173.106819005933	18213
414403	24	-40.601545370654	173.106371898315	18213
414404	25	-40.6030431114983	173.105750474029	18213
414405	26	-40.6044940269211	173.104959452102	18213
414406	27	-40.6058870711803	173.104004843719	18213
414407	28	-40.6072116384287	173.102893906749	18213
414408	29	-40.6084576435502	173.101635090726	18213
414409	30	-40.6096155990462	173.100237972711	18213
414410	31	-40.6106766873828	173.0987131845	18213
414411	32	-40.6116328282427	173.097072331751	18213
414412	33	-40.6124767401673	173.095327905617	18213
414413	34	-40.6132019961147	173.093493187587	18213
414414	35	-40.6138030725055	173.091582148241	18213
414415	36	-40.6142753913813	173.089609340705	18213
414416	37	-40.6146153553484	173.08758978962	18213
414417	38	-40.6148203750409	173.085538876481	18213
414418	39	-40.6149444444444	173.083472222222	18213
414419	40	-40.6149444444444	172.860388888889	18213
414420	41	-40.4996666666667	172.740694444444	18213
414421	0	-43.0883055555556	170.396777777778	18214
414422	1	-43.1183333333333	170.391777777778	18214
414423	2	-43.1230555555556	170.338444444444	18214
414424	3	-43.2316666666667	170.21675	18214
414425	4	-43.2258333333333	170.172583333333	18214
414426	5	-43.1441666666667	170.227611111111	18214
414427	6	-43.1084444444444	170.261	18214
414428	7	-43.0821388888889	170.367777777778	18214
414429	8	-43.0883055555556	170.396777777778	18214
414430	0	-44.6983611111111	167.946222222222	18215
414431	1	-44.7041944444444	167.980888888889	18215
414432	2	-44.7316944444444	167.966722222222	18215
414433	3	-44.7680277777778	168.023388888889	18215
414434	4	-44.7930277777778	168.044555555556	18215
414435	5	-44.8028611111111	168.090555555556	18215
414436	6	-44.8278611111111	168.089722222222	18215
414437	7	-44.8278611111111	168.008888888889	18215
414438	8	-44.8005277777778	168.010055555556	18215
414439	9	-44.7755277777778	167.988888888889	18215
414440	10	-44.7670277777778	167.954555555556	18215
414441	11	-44.7316944444444	167.922222222222	18215
414442	12	-44.6983611111111	167.946222222222	18215
414443	0	-42.1599722222222	171.373166666667	18216
414444	1	-42.1721944444444	171.369	18216
414445	2	-42.1843888888889	171.361777777778	18216
414446	3	-42.1624722222222	171.332888888889	18216
414447	4	-42.1230277777778	171.333166666667	18216
414448	5	-42.1599722222222	171.373166666667	18216
414449	0	-45.3538888888889	170.86425	18217
414450	1	-45.3540255975301	170.866473964511	18217
414451	2	-45.3544315715776	170.868630386413	18217
414452	3	-45.3550944813201	170.870653771556	18217
414453	4	-45.3559941931685	170.872482660924	18217
414454	5	-45.3571033803692	170.874061495565	18217
414455	6	-45.3583883520434	170.875342303397	18217
414456	7	-45.3598100755159	170.87628615682	18217
414457	8	-45.3613253610319	170.876864356817	18217
414458	9	-45.3628881730194	170.877059307436	18217
414459	10	-45.3644510281791	170.876865053762	18217
414460	11	-45.3659664380046	170.876287466649	18217
414461	12	-45.3673883519302	170.875344068125	18217
414462	13	-45.3686735572297	170.874063502339	18217
414463	14	-45.3697829930492	170.872484667698	18217
414464	15	-45.3706829385229	170.870655536283	18217
414465	16	-45.3713460387185	170.868631696242	18217
414466	17	-45.3717521370754	170.866474661457	18217
414467	18	-45.3718888888889	170.86425	18217
414468	19	-45.3717521370754	170.862025338543	18217
414469	20	-45.3713460387185	170.859868303758	18217
414470	21	-45.3706829385229	170.857844463717	18217
414471	22	-45.3697829930492	170.856015332302	18217
414472	23	-45.3686735572297	170.854436497661	18217
414473	24	-45.3673883519302	170.853155931875	18217
414474	25	-45.3659664380046	170.852212533351	18217
414475	26	-45.3644510281791	170.851634946238	18217
414476	27	-45.3628881730194	170.851440692564	18217
414477	28	-45.3613253610319	170.851635643183	18217
414478	29	-45.3598100755159	170.85221384318	18217
414479	30	-45.3583883520434	170.853157696603	18217
414480	31	-45.3571033803692	170.854438504435	18217
414481	32	-45.3559941931685	170.856017339076	18217
414482	33	-45.3550944813201	170.857846228444	18217
414483	34	-45.3544315715776	170.859869613587	18217
414484	35	-45.3540255975301	170.862026035489	18217
414485	36	-45.3538888888889	170.86425	18217
414486	0	-43.8099694444444	172.488669444444	18218
414487	1	-43.8702	172.417911111111	18218
414488	2	-43.8867638888889	172.396716666667	18218
414489	3	-43.8595444444444	172.380197222222	18218
414490	4	-43.8438111111111	172.404694444444	18218
414491	5	-43.8099694444444	172.488669444444	18218
414492	0	-43.8099694444444	172.488669444444	18219
414493	1	-43.8615138888889	172.493597222222	18219
414494	2	-43.8702	172.417911111111	18219
414495	3	-43.8099694444444	172.488669444444	18219
414496	0	-45.7643888888889	170.728416666667	18220
414497	1	-45.7645255972187	170.730656938724	18220
414498	2	-45.7649315703691	170.732829173362	18220
414499	3	-45.7655944787374	170.734867396574	18220
414500	4	-45.7664941888999	170.736709698948	18220
414501	5	-45.7676033743063	170.738300114219	18220
414502	6	-45.7688883442943	170.739590318439	18220
414503	7	-45.7703100663919	170.74054109826	18220
414504	8	-45.7718253510103	170.741123543766	18220
414505	9	-45.7733881626856	170.741319929399	18220
414506	10	-45.7749510181564	170.741124255957	18220
414507	11	-45.7764664288786	170.740542436743	18220
414508	12	-45.7778883441786	170.739592121771	18220
414509	13	-45.7791735511643	170.738302164894	18220
414510	14	-45.7802829887785	170.736711749622	18220
414511	15	-45.7811829359387	170.734869199907	18220
414512	16	-45.7818460375094	170.732830511845	18220
414513	17	-45.7822521367637	170.730657650915	18220
414514	18	-45.7823888888889	170.728416666667	18220
414515	19	-45.7822521367637	170.726175682418	18220
414516	20	-45.7818460375094	170.724002821489	18220
414517	21	-45.7811829359387	170.721964133426	18220
414518	22	-45.7802829887785	170.720121583711	18220
414519	23	-45.7791735511643	170.71853116844	18220
414520	24	-45.7778883441786	170.717241211562	18220
414521	25	-45.7764664288786	170.716290896591	18220
414522	26	-45.7749510181564	170.715709077376	18220
414523	27	-45.7733881626856	170.715513403934	18220
414524	28	-45.7718253510103	170.715709789568	18220
414525	29	-45.7703100663919	170.716292235073	18220
414526	30	-45.7688883442943	170.717243014895	18220
414527	31	-45.7676033743063	170.718533219114	18220
414528	32	-45.7664941888999	170.720123634386	18220
414529	33	-45.7655944787374	170.721965936759	18220
414530	34	-45.7649315703691	170.724004159971	18220
414531	35	-45.7645255972187	170.72617639461	18220
414532	36	-45.7643888888889	170.728416666667	18220
414533	0	-43.8063638888889	172.577652777778	18221
414534	1	-43.8500555555556	172.594191666667	18221
414535	2	-43.8615138888889	172.493597222222	18221
414536	3	-43.8099694444444	172.488669444444	18221
414537	4	-43.8063638888889	172.577652777778	18221
414538	0	-43.7960666666667	172.646472222222	18222
414539	1	-43.8151027777778	172.664480555556	18222
414540	2	-43.8155555555556	172.687227777778	18222
414541	3	-43.8376944444444	172.701127777778	18222
414542	4	-43.8500555555556	172.594191666667	18222
414543	5	-43.8063638888889	172.577652777778	18222
414544	6	-43.7960666666667	172.646472222222	18222
414545	0	-43.8615138888889	172.493597222222	18223
414546	1	-44.0417972222222	172.510836111111	18223
414547	2	-44.055525	172.398344444444	18223
414548	3	-44.0839583333333	172.314958333333	18223
414549	4	-44.0008888888889	172.32255	18223
414550	5	-43.8867638888889	172.396716666667	18223
414551	6	-43.8702	172.417911111111	18223
414552	7	-43.8615138888889	172.493597222222	18223
414553	0	-43.9418166666667	173.100327777778	18224
414554	1	-44.1007833333333	172.928413888889	18224
414555	2	-44.0282083333333	172.622191666667	18224
414556	3	-44.0417972222222	172.510836111111	18224
414557	4	-43.8615138888889	172.493597222222	18224
414558	5	-43.8500555555556	172.594191666667	18224
414559	6	-43.8376944444444	172.701127777778	18224
414560	7	-43.8933416666667	172.823980555556	18224
414561	8	-43.9418166666667	173.100327777778	18224
414562	0	-40.7395277777778	175.116305555556	18225
414563	1	-40.8938333333333	175.0285	18225
414564	2	-40.9244722222222	175.0135	18225
414565	3	-40.94875	175.004722222222	18225
414566	4	-40.9703055555556	174.982111111111	18225
414567	5	-41.0298055555556	174.899472222222	18225
414568	6	-41.0282777777778	174.886555555556	18225
414569	7	-40.7998888888889	174.857277777778	18225
414570	8	-40.6579444444444	175.08825	18225
414571	9	-40.7395277777778	175.116305555556	18225
414572	0	-44.2917777777778	167.684222222222	18226
414573	1	-44.4964166666667	167.816166666667	18226
414574	2	-44.5794444444444	167.91575	18226
414575	3	-44.64025	167.98975	18226
414576	4	-44.7075	167.984472222222	18226
414577	5	-44.7309722222222	167.958888888889	18226
414578	6	-44.7180833333333	167.852277777778	18226
414579	7	-44.5925833333333	167.745638888889	18226
414580	8	-44.3889722222222	167.495472222222	18226
414581	9	-44.3535338110549	167.548769995661	18226
414582	10	-44.3315310653142	167.589226433106	18226
414583	11	-44.3121180530116	167.632181284466	18226
414584	12	-44.2954398804032	167.677311195296	18226
414585	13	-44.2917777777778	167.684222222222	18226
